Year,Revenue,Expenses,Unemployment,CPI,BarrelOil,NetAssets
2021,63520825.43,51611981.58,5.7594,274.172,81.92,53421528.43
2012,53969941.94,47051588.82,7.9836,235.852,125,24464419.24
2016,42133803.96,44410996,4.8651,246.144,39.39,21477470.44
2015,42951121.61,45843421.48,5.5301,242.041,53.86,23338562.58
2019,56726751.3,49821256.37,4.3002,266.072,80.1,19195929.36
2013,51068133.02,45532519.86,6.9217,236.148,120.96,27678127.71
2023,62821366.58,61481446.89,3.7196,304.783,53.3,53215158.85
2019,57882861.62,58592174.74,4.0215,260.243,69.95,22567590.45
2011,47967859.04,50007132.41,9.3079,220,106.32,15746633.93
2016,39298751.03,44286451.67,4.8722,250.017,41.02,19615074.21
2017,53436353.19,49484622.64,4.4052,255.772,48.95,22725789.11
2014,41149064.44,47796331.01,6.7064,234.507,92.8,26791413.02
2018,49936448.92,54333898.22,3.3131,255.285,65.5,18972704.05
2014,34418940.26,36044837.87,6.4977,245.665,96.74,18270309.45
2011,52312911.51,55708987.14,8.9692,227.5,112.33,17642696.39
2021,60725693.36,53051542.63,5.4477,275.87,74.41,54829558.2
2017,57245643.8,52958745,4.7894,243.841,62.8,22760572.11
2012,53344000.66,45839687.59,7.7777,229.817,125,23412210.98
2012,46109694.15,42555976.18,8.1528,228.073,121.8,21677501.41
2019,71310864.32,72994206.37,3.7997,261.044,53.73,28136437.13
2023,70964208.78,66232618.86,3.7175,312.127,86.3,61010385.52
2022,56989033.94,56311447.48,3.4388,290.187,95.77,45873048.97
2023,81269615.01,74929665.68,4.0047,305.055,84.68,63653814
2013,37188928.33,36105306.85,7.2099,231.741,99.44,22341600.29
2021,64183617.6,53643115.62,5.7708,279.163,74.26,51029461.14
2014,42113838.11,44268358.22,6.2783,235.027,89.56,23887969.7
2019,53564340.25,55078379.13,3.6983,261.192,63.5,24388024.94
2015,44159186.32,43126444.79,5.4239,241.38,49.29,21409203.85
2023,64789423.82,60116629.04,2.8925,304.45,80.77,48520805.47
2015,47344151.83,47933483.16,5.3452,239.021,41.13,25803497.07
2018,61793217.82,61371035.24,4.7781,260.102,73.11,24920677.26
2015,42260922.39,43915115.06,5.6888,239.422,35.37,19685801.85
2014,39976820.33,40272950.81,6.275,236.028,96.05,21418430.75
2013,55380953.2,48380441.15,7.9061,232.391,119.61,32106366.78
2023,65917248.9,62931184.3,4.2405,309.644,81.27,54376810.33
2022,70992060.95,70959167.91,3.6824,295.728,104.32,57752429.24
2017,54206279.22,51585612.64,4.4997,251.806,58.59,23627092.81
2012,38403810.43,34027465.92,8.1039,226.456,102.59,16904645.49
2016,47365627.16,45656322.52,4.9378,248.184,35,22478940
2017,55876329.43,50251556.21,4.7518,249.801,52.64,20164654.17
2020,64164262.67,44647521.03,7.8946,262.944,40.93,36032468.28
2022,68531542.68,70572864.14,3.2045,290.939,85.55,61955735.88
2022,65967662.06,69693342.09,3.563,293.072,115.6,57714466.28
2013,49119893.51,46386128.15,7.2543,237.027,110.44,30680684.56
2014,48616843.86,52015249.29,5.3638,238.016,97.24,27172425.56
2011,52231918.45,51905719.86,8.1335,220.629,110.51,16002733.53
2018,60566660.41,60875724.35,3.7973,255.69,78.71,21643269.91
2014,43581456.13,49456453.73,6.2682,233.239,93.45,26727038.42
2017,51663205.38,50599952.52,4.6815,250.768,59,23165989.7
2019,54930872.45,54607566.93,3.8383,260.957,64.89,22440987.16
2019,54378075.2,53804493.11,3.874,256.147,64.98,20289643.33
2024,97914045.47,84300070.6,3.8355,314.839,70.17,74079129.8
2024,96553553.57,81209221.13,3.738,321.468,64.81,76644544.17
2021,71307042.79,61639692.14,5.067,278.268,86.65,59713949.84
2016,43923403.58,42919013.24,4.7383,247.252,55.28,18002342.79
2014,39793107.27,46016020.95,6.3157,231.819,117.17,24081093.25
2015,44965809.64,45776774.24,5.781,243.442,58.54,24017996.12
2024,88145729.95,73116070.62,4.2517,316.271,70.63,66620331.39
2022,64644458.66,63928761.71,3.7602,297.952,107.89,50050219
2016,42109537.8,39514678.4,4.8534,245.577,49.09,21576746.87
2019,50788166.7,55672057.36,3.6363,262.539,55.99,19113692.61
2014,45561580.35,47932677.57,6.128,241.676,81.85,24585570.67
2019,65518821.18,63432098.31,3.5741,262.778,72.78,23753088.17
2014,43093229.78,40229249.59,6.4281,235.798,101.06,21459023.46
2021,73911011.35,61814601.97,5.3844,279.794,66.98,62639411.57
2016,47218075.3,51105000.02,4.7295,247.778,38.61,20347905.38
2016,47121868.87,50685873.55,4.8955,246.059,41.74,22985458.22
2024,96412567.09,81768355.09,3.7524,315.472,72.3,73926350.81
2015,49962471.1,54037438.45,5.2573,240.262,48.61,26227687.94
2015,48073492.94,44516853.08,5.6745,242.22,50,22880451.41
2012,50655413.14,48176692.57,8.1314,231.803,125,22954647.66
2018,58925423.04,59022616.98,4.7493,254.403,60.53,21432118.56
2018,61347437.26,60107760.81,3.1693,256.545,70.93,22179889.33
2019,51832841.5,54494248.56,3.5612,265.496,54.34,22337110.19
2015,46039112.11,45450821.25,5.6105,238.937,60.31,26531746.22
2016,50862289.67,47214980.37,4.5354,248.591,49.23,24314327.35
2013,48500712.65,44225670.56,6.9802,240.788,102.01,29008498.59
2016,45183604.47,49501298.58,5.1721,246.722,43.12,22831366.76
2022,70305291.29,69673495.02,3.0775,294.409,94.84,62287841.37
2024,104923125.8,85449935.89,3.6966,315.975,89.81,78118009.88
2020,72626803.8,47757765.99,7.4186,268.527,40.43,45992543.86
2014,55291525.09,60655968.92,5.666,239.481,96.58,26951061.32
2012,45303825.43,40090370.15,8.0142,229.023,113.36,20949978.2
2016,36028613.76,43438235.82,5.2138,243.993,51.96,19186841.82
2011,56006198.67,61408798.69,8.7554,225.966,117.79,18862812.07
2011,58432886.44,58351368.08,8.8318,221.84,97.73,18396684.83
2022,68722673.3,65365095.87,2.9122,293.03,112.51,54749515.36
2018,53353430.73,56264224.14,3.5616,258.876,68.98,21545439.66
2014,37597666.68,41934580.1,6.6719,238.901,106.51,20609622.69
2017,53109846.84,51310971.07,3.4943,254.446,50.77,22697110.78
2013,46070787.21,41099417.93,7.2076,236.21,94.8,26717712.72
2016,46572291.32,49983882.06,4.8273,248.056,47.57,21108183.11
2013,45827511.7,44234410.47,7.6541,234.582,117.23,28144113.04
2024,98985657.47,87738001.42,4.6335,321.043,79.87,70699743.28
2019,62942858.22,58655895.92,3.8836,267.1,63.04,26306427.4
2016,41067794.67,46078358.99,5.0845,240.147,39.28,23035511.68
2016,42848561.96,44527037.96,5.0576,243.603,42.9,20792958.48
2015,43684916.66,44117987.05,5.7578,244.298,47.58,21936854.89
2015,49058274.25,50945582.7,5.8698,234.285,54.22,23907515.31
2012,58761922.09,53343580.79,8.6227,230.253,119.75,26490662.59
2017,52128713.61,45460226.93,4.4876,253.911,56.86,19561074.02
2020,59990982.91,41376569.99,8.1723,267.533,39.4,34843350.36
2013,36496677.77,33401776.44,7.704,239.502,86.09,22727290.38
2020,72171103.15,46884605.34,8.3716,270.635,47.03,38483002.24
2013,46841185.09,43385873.42,8.3226,236.288,106.12,29644593.87
2013,47318300.63,39919838.76,7.7837,235.242,119.44,26839656.58
2023,72816671.73,65142192.72,4.2521,314.738,84.81,61577596.17
2015,44430077.23,47154093.29,4.9474,238.718,48.06,23902964.41
2017,51892307.23,50941255.75,4.285,249.766,42.28,24145255.67
2024,83977387.79,72843640.88,4.763,314.401,82.94,66773977.7
2016,36541383.59,44279616.82,4.5046,248.769,50.52,20236423.83
2011,51904352.74,54425181.84,8.689,220,116.1,17323782.94
2017,60228890.39,61017433.56,4.1964,253.322,50.8,27102250.09
2019,54975918.58,53998830.09,4.035,263.448,66.08,20541219.59
2017,54822959.09,54277161.79,4.1232,260.694,47.52,24354125.74
2014,44301816.92,50307613.8,6.0701,232.888,80.31,25785093.37
2021,60654074.02,48965175.82,5.7869,276.792,74.11,53885237.53
2019,63830086.26,62548098.01,3.3808,265.491,66.57,26399555.44
2024,88883836.96,76396896.77,4.0891,324.115,68.67,66397071.28
2013,48450787.33,45435224.34,7.5723,234.814,107.69,28802589.8
2024,93660815.84,77168056.02,3.7666,321.546,92.95,75697818.98
2011,48692538.07,48059858.62,8.5521,226.657,107.25,17238828.32
2011,54223020.12,56544528.65,8.7494,228.494,100.8,17083971.47
2012,54823897.49,50742231.07,8.2201,224.742,113.42,25989613.72
2020,70451300.35,50483806.01,7.8654,270.882,43.68,45761761.38
2018,52327135.11,59241919.45,4.2306,256.507,50.22,21941819.81
2016,40087097.9,43602101.98,4.8466,247.141,46.61,19841202.24
2018,53959620.57,52394325.88,3.2856,260.652,82.6,20041758.76
2018,54333975.69,62541674.59,4.1423,252.839,72.14,22655180.2
2013,48315917.07,43911145.56,7.6753,228.942,106.42,27887391.1
2019,67667142.31,65775471.76,3.6395,264.201,58.46,23670804
2011,52758047.78,48832005.36,8.8802,223.642,125,18965442.13
2011,47997866.46,50610835.97,9.0549,222.83,90.5,16584480.47
2022,59863690.76,57909540.6,3.7232,293.375,102.31,51344808.44
2019,58737996.11,57949286.2,4.0563,258.334,85.43,22679117.73
2024,87180489.37,77574333.43,3.9004,313.153,83.31,63391547.59
2012,52205915.31,44154849.88,8.086,228.579,113.56,24715782.1
2016,46319649.04,50291954.73,5.4202,249.105,49.84,24809683.76
2012,46951160.17,43920414.83,8.0401,227.973,125,22957721.7
2016,36025037.75,41971414.82,5.2371,244.985,44.17,20690858.16
2017,60442953.29,53425420.33,4.1337,252.965,66.46,22615329.52
2017,64227450.1,56186849.62,4.3011,255.389,48.18,26072519.08
2018,58934435.41,60167376.88,3.7332,251.974,93.02,23661323.16
2021,60101021.45,52626954.58,5.714,278.085,70.48,57726271.67
2020,77622029.66,50553532.56,8.4404,269.16,41.05,48563111.23
2022,64393639.81,61815293.45,3.7704,290.704,116.13,52660216.14
2020,79873377.41,52509413.41,7.8948,266.338,41.62,49908202.39
2021,63259444.93,52648071.99,4.885,274.516,61.95,54308966.3
2014,47850002.98,46568924.16,5.8815,243.194,113.24,22304216.67
2024,101026587,82377623.58,3.8251,317.102,101.56,76265103.35
2019,64487827.48,68290087.06,3.8058,255.557,70.02,22662553.32
2022,58117033.66,62487838.63,4.0583,292.145,113.88,49777819.84
2013,41694557.48,38324341.18,7.3826,234.426,115.53,23011837.65
2023,60986224.85,57432358.31,3.4964,307.339,90.48,47138985.04
2016,45389393.92,46682017.75,4.4015,246.471,45.03,21981256.83
2019,53699146.69,52152364.04,4.0191,261.815,72.1,20133080.52
2020,80948952.41,55254479.59,8.6811,266.963,37.63,50335448.96
2020,86744655.55,59621774.54,7.7574,269.261,46.76,49086904.12
2012,46570159.2,39577174.37,7.6957,233.066,123.79,18997154.59
2020,81099318.18,55248518.23,7.7045,269.269,43.52,54535278.56
2022,73040541.01,74698143.44,3.2839,299.412,95.39,65222742.31
2024,99153501.26,84547495.22,4.1205,318.191,78.86,74720038.73
2017,54572752.83,52518921.32,4.224,252.748,41.21,23016115.59
2013,41525203.31,39683494,7.6993,227.154,122.23,22198012.12
2017,65204001.22,60262206.21,4.5818,255.075,62.72,28736152.91
2023,74382356.25,70916758.41,3.1336,304.888,81.22,52473738.82
2011,59744094.09,61575258.69,8.4041,221.034,109.94,17622769.11
2017,60695410.56,57419371.32,3.6457,248.664,58.38,23312862.55
2017,70465318.29,63636041.34,4.5765,255.491,57.57,27709897.41
2018,57303097.49,62975304.4,3.9241,260.268,63.68,24623657.96
2022,62880601.55,63713656.98,3.6784,295.21,113.61,54348152.02
2013,47306591.04,44690248.53,7.7245,227.759,108.48,29218203.95
2024,93286632.46,81857856.55,4.4448,315.259,65.54,72802084.4
2018,61985437.63,60629472.94,4.3944,258.293,79.78,23695660.41
2012,50120602.74,44702358.36,8.4023,233.4,125,23439835.61
2022,54581018.47,57618654.38,3.4024,289.542,95.68,46917772.91
2013,46382968.05,44778050.96,7.3649,236.022,87.15,28884992.14
2019,57082501.53,53764924.91,3.9027,259.176,67.7,21596832.6
2022,70898935.74,70739056.98,3.9555,289.161,100.26,67903098.24
2012,49517268.85,45350557.3,8.1888,229.206,125,22009368.07
2022,61335057.89,60941432.4,3.8388,293.819,98.73,51710119.32
2022,61005032.39,65086332.78,3.7019,287.592,107.23,56440053.95
2011,48957438.18,44399824.73,9.5457,230.127,125,14485614.36
2024,87572142.89,75189113.68,3.9842,312.424,78.87,80569043.6
2011,53931041.02,49358942.7,8.3686,221.912,125,17013166.88
2018,63402626.82,68437953.36,3.8743,258.313,54.35,22484209.14
2018,57785430.97,60635409.17,4.4565,253.289,82.94,22710239.71
2020,73373974.2,50455410.17,8.1026,262.334,39.17,43871742.14
2012,52161543.8,46960232.96,8.2908,231.707,110.88,26086251.88
2022,60739941.28,60853122.53,3.8252,294.499,97.45,55070777.5
2024,93859787.02,82314681.61,3.7658,318.57,84.06,80988109.44
2012,46023402.8,41173089.78,8.2068,232.309,105.13,22218473.5
2015,42593876.57,46245209.52,5.1291,245.112,61.69,23318114.73
2014,50933218.5,57748539.56,6.1416,232.969,82.03,26798342.66
2021,60738414.06,48968454.45,5.2841,281.508,64.36,53336923.14
2018,64077147.69,64252095.11,4.0555,259.217,76.34,23281591.27
2021,71015982.34,55742637.55,5.8297,272.359,67.88,61150438.41
2018,61970806.92,60232230.64,4.1511,258.363,82.54,20626546.31
2016,46315104.5,48280354.07,5.3858,245.518,46.15,21421225.15
2021,53975773.17,44276303.53,5.1416,281.631,72.11,49583669.44
2011,51417164.25,48676035.63,8.8045,223.43,125,15872297.85
2014,42962479.89,47379913.83,6.2905,236.397,92.24,24347951.77
2015,44140803.78,51089074.32,5.5513,241.678,54.27,22889359.84
2015,44858013.77,47257844.66,5.1524,244.074,52.51,27093333.82
2011,56348025.85,54711162.42,9.123,226.084,112.77,16554106.04
2013,45296076.53,44447948.73,7.2893,228.251,103.14,27728522.16
2017,67035213.44,67124418.76,4.0727,250.431,56.83,28233923.66
2021,53622221.61,45247613.68,5.2842,273.279,77.68,47699333.02
2023,68018463.89,62157780.61,3.5047,307.399,95.26,53010299.28
2018,53196957.71,51460571.92,4.232,258.373,87.37,19932177.7
2017,51308226.53,50058451.87,4.8895,250.769,55.27,23462166.02
2017,59992437.07,52802675.91,4.3859,255.031,56.16,22966967.95
2016,43278564.19,46777515.11,4.7763,248.729,40.17,22590286.97
2023,74553305.55,68375392.86,3.1695,313.73,72.52,51656301.96
2020,77707128.17,54406359.72,6.9702,266.947,40.73,46077250.45
2018,54460742.94,53644424.86,3.9084,262.181,64.2,21595607.63
2012,46693237.16,42638423.82,8.9623,228.295,88.46,24614955.82
2011,57671949.89,58172700.53,8.4184,220,120.34,19087339.84
2020,84227567.93,52580907.73,7.9058,267.062,40.03,48285413.34
2024,91637077.14,74826341.61,4.2445,317.716,99.38,69908664.22
2017,53870150.1,49317799.51,4.6657,253.384,55.01,23783038.5
2023,65805751.92,60137994.84,3.418,302.344,90.04,57557750.81
2023,67987340.49,68183798.66,3.6738,310.148,79.99,59645070.06
2019,63135471.34,61497008.87,3.4645,261.143,78.47,26265812.72
2019,61271555.76,57875247.98,3.5121,262.195,64.55,22639308.25
2014,43689128.83,44255244.64,5.9323,235.961,106.55,22188471.58
2017,56182840.97,50921351.66,4.0666,258.352,59.38,22145023.09
2012,60645575.65,50332649.8,8.1295,235.823,112.76,29397132.17
2016,43878246.31,46760058.02,4.7179,248.341,45.62,23940444.95
2014,41508218,44760523.3,6.0641,232.612,101.4,24226294.25
2017,50194581.72,49262207.78,4.0872,252.605,50.04,21753108.89
2021,70352846.86,56620687.78,4.8994,272.887,68.53,60716445.35
2016,39956088.13,45315861.99,5.3902,245.965,35,20325590.38
2018,51122849.47,49864329.09,3.9378,260.413,70.63,18351785.76
2017,64276592.98,62425748.82,4.3237,250.885,55.74,25326007.7
2018,50343772.27,52984157.33,3.833,254.29,79.88,19071340.11
2014,46368809.65,49540104.53,6.3004,236.537,103.57,26723216.28
2019,62870607.55,65488629.53,3.0318,267.279,72.01,25548038.28
2011,50652221.44,49519279.9,8.7789,225.615,125,17600259.9
2019,56200530.27,53560404.8,3.4264,260.831,57.48,23267692.33
2014,37026675.19,43372384.84,6.4442,236.97,89.95,23570500.84
2014,43457826.15,47096866.49,6.4619,236.954,95.86,25885028.45
2015,47647682.65,43941469.43,5.3315,246.852,62.71,20521319.16
2023,69778375.15,70528393.28,4.2655,309.798,78.44,61936393.29
2016,37774074.67,38650556.08,4.7108,242.025,41.26,16476688.05
2022,62772496.7,62325463.06,3.7317,292.274,99.35,49686350.6
2015,46229407.57,46541739.13,5.1127,237.249,61.72,20854284.42
2024,85971116.52,74357020.52,3.8498,317.673,87.99,66292625.19
2023,78725054.83,73099269.59,3.5503,316.652,92.4,69613884.3
2017,58088350.93,55876433.82,4.4646,253.112,53.85,26186858.72
2018,64699414.23,64721661.73,4.4341,254.903,54.97,25053386.14
2014,49734806.91,55486791.86,5.7045,234.99,96.36,25984835.08
2017,61889088.66,57785861.01,4.3194,251.939,49.01,26950466.56
2017,58675342.73,58652871.33,4.4453,248.865,60.44,26906180
2020,87808170.96,61122967.61,7.9614,266.197,42.53,55222181.73
2014,40506014.9,48834494.97,6.3114,235.927,107.57,23485807.17
2019,63948397.29,63537321.99,3.4109,261.247,84.66,22414550.57
2013,43125058.26,41419285.68,7.1174,233.219,98.52,23662963.95
2020,82350320.65,52896840.91,8.1322,270.476,48.57,42082071.46
2014,42994835.78,43076705.63,6.4916,232.698,121.15,23221182.58
2024,85477276.19,77536434.5,3.7067,319.089,64.43,71009092
2014,42296128.77,46996398.83,5.974,238.324,94.65,22550988.45
2022,58769118.24,63032038.41,3.6045,300.751,106.85,50850872.81
2019,54722769.86,54586850.5,3.2747,262.884,47.97,23210776.07
2011,57293503.72,57638249.49,8.6573,220,101.54,19383336.33
2018,52698387.81,55603012.32,3.805,258.645,72.07,19515477.08
2016,41055653.5,43196805.58,4.8698,243.711,47.74,19809023.51
2020,72747335.44,49629302.54,8.7463,270.457,35,46545833.68
2018,58465850.07,64256269.27,3.7212,252.881,55.69,23553846.34
2017,55845856.99,50187082.44,3.9794,247.19,63.51,22808439.9
2015,42613528,41330407.4,5.3587,242.323,55.61,20306261.55
2019,67116947.61,70180634.94,3.9396,261.329,65.67,29102081.58
2019,52075948.87,57912119.26,3.593,258.515,70.44,20780396.99
2011,57552872.05,54976411,8.8564,222.343,124.98,17783903.5
2020,87219633.55,60685905.86,8.1711,266.48,38.58,49794845.81
2012,50924941.32,45841518.9,8.1156,234.879,84.74,23432319.58
2018,53825482.79,58335893.78,3.912,259.151,76.11,21873491.48
2024,99577254.71,76495802.99,3.4119,317.005,85.55,74109387.48
2018,57575146.79,57092647.12,3.5215,258.791,87.97,22661623.35
2022,78538366.5,77424244.36,3.5272,292.903,100.33,63238782.32
2014,37495187.16,43020318.78,6.3744,237.415,114.62,21328078.98
2020,70846568.9,48606332.38,8.5038,273.431,47.72,38038516.88
2021,59657186.62,50266887.48,6.0275,282.971,73.84,51897150.43
2024,94699938.62,81408650.1,3.6463,316.413,64.25,68536994.58
2018,63124694.99,64070308.89,4.4778,261.64,85.88,22563818.52
2024,93982322.46,77044322.75,3.747,322.298,84.19,69335984.95
2014,45012289.1,49993208.86,5.9222,237.915,101.17,24470141.44
2011,46411158.16,51353369.24,8.8453,227.842,122.44,16915030.4
2024,93940054.03,76486951.31,3.9291,321.088,110.45,70064988.32
2016,38975525.68,38568099.28,5.0024,246.601,50.52,18312383.52
2022,56125223.98,56671076.64,3.1801,293.008,125,52025012.12
2016,44637340.36,46783644.1,4.468,244.207,51.68,23562520.03
2015,42899126.33,42494663.62,5.4703,238.938,52.52,21386732.45
2023,74947932.87,68967726.85,4.4407,314.148,71,59591768.49
2022,61482015.91,63520521.36,4.0732,294.971,85.88,51425601.92
2015,40293185.04,43182070.91,5.2903,244.566,53.13,21365375.44
2019,66115297.06,67595764.87,3.6464,265.762,59.55,23987411.6
2018,62361656.96,64978617.72,4.025,257.098,61.55,24229486.01
2014,44913339.21,46271047.53,6.6041,245.048,96.36,21482691.12
2023,73328294.8,65573209.66,4.1488,305.807,76.65,55994285.47
2014,50335687.2,51704699.01,5.7714,242.68,93.11,23640509.37
2016,42216725.92,46725057.94,4.479,250.589,52.72,23259495.86
2022,59759945.94,59946827.57,3.3438,295.293,90.42,52169351.76
2021,67975263.83,56487988.02,5.1964,281.214,86.38,57716527.07
2011,57388318.82,61770728.5,8.8726,224.725,125,19873243.58
2017,63764536.26,56373180.93,3.8189,252.317,51.76,26590711.6
2021,73599056.92,62521052.97,4.9326,274.849,85.65,57785913.33
2011,58595593.42,56140809.29,8.9231,227.502,110.25,17957294.81
2015,44949653.73,44585698.22,4.9419,238.005,63.13,22281383.62
2013,37859950.29,36944274.38,7.3653,234.727,109.84,27228571.47
2021,58231062.49,48302359.4,5.6272,279.268,63.43,55414290.37
2017,47713940.17,47294547.11,4.0885,253.074,57.06,21012810.29
2022,66064387.19,71064069,3.6689,300.32,110.42,60311188.75
2016,38674680.54,40300458.9,5.1449,248.192,43.05,17654335.45
2016,46371017.62,48807425.14,5.1391,245.038,48.4,22827882.1
2014,41315714.37,46219507.48,5.8287,233.723,104.9,22511268.4
2019,64535562.77,59290403.59,3.9276,268.158,65.58,22969584.03
2020,70314152,47111156.22,8.036,265.367,41.33,42183135.24
2022,69120282.61,73971874.47,3.7799,293.521,107.03,58383175.98
2018,51471237.75,54900942.53,3.5588,249.895,79.38,19871915.21
2016,48773990.22,48511233.45,4.8473,246.215,48.93,21910673.88
2016,39879649.05,45719872.91,5.4258,248.343,49.79,21052956.41
2015,46941649.85,46793437.03,4.7164,242.836,50.68,23393918.41
2012,56261978.48,47194186.41,7.957,230.962,125,25727277.43
2014,44961628.13,46095553.89,6.0389,242.541,122.27,22609187.06
2019,62067544.91,61396099.31,3.579,263.053,56.74,22321041.61
2011,57494786.61,55521367.67,8.6473,224.085,120.33,17956420.33
2023,67837603.65,63521642.78,3.6651,309.35,89.59,53035634.03
2014,40593117.23,42752453.81,6.2679,237.292,113.94,22182284.28
2012,48858810.73,43585630.95,8.6483,229.812,125,25060081.51
2017,63746758.75,60351140.46,4.2697,248.545,55.7,28108598.48
2014,41371634.69,42544292.42,5.7434,235.116,102.41,19327247.69
2014,54464153.35,55474335.59,4.9331,239.722,105.92,27094902.47
2014,49610520.06,51485426.56,6.2661,237.297,101.24,28680540.21
2018,52883126.29,56416858.39,3.273,253.968,77.6,21768454.69
2019,67701890.28,65833827.37,3.7893,260.871,57.27,23905490.08
2017,57372445.69,53791096.32,4.1936,252.592,62.89,23459354.77
2024,99722224.34,80911151.25,4.715,321.902,96.69,73304317.41
2021,62449729.23,54679083.23,5.6732,272.563,64.35,52754911.98
2014,40952464.3,46616031.93,6.0747,241.181,94.29,25953685.25
2021,60881137.52,55365745.41,5.3839,277.204,92.56,60968068.56
2017,57091710.64,54111156.57,4.5909,253.65,55.39,22892305.04
2022,62909907.24,59318884.01,3.5201,291.629,109.25,51156459.3
2012,39865668.96,36771743.67,8.3771,229.231,99.48,21036731.73
2011,58456638.2,52029069.56,9.2077,225.379,124.78,16374006.34
2013,46172819.72,45647933.06,7.392,226.562,99.97,28026174.31
2024,101992249.1,89553680.43,3.8353,319.473,67,76229652.69
2012,45798659.05,40567656.5,7.9051,221.709,125,20524164.24
2020,73371858.09,53505524.84,8.2786,279.663,48.48,42930022.54
2016,48336576.69,48872097.45,5.0109,248.502,35.77,23677318.81
2022,55554192.2,57600765.86,3.4416,293.674,96.92,48126700.75
2016,45729354.73,49176448.27,5.1379,247.665,44.35,22740508.58
2015,38717488.31,40488799.48,5.0903,239.7,40.5,18944540.16
2022,58533738.86,61620611.38,4.1337,297.436,95.39,48446202.29
2020,75762271.93,47332034.14,8.0513,267.183,35,45525452.32
2020,72605230.94,50527290.14,8.1458,266.499,42.21,45172338.28
2018,58907258.47,61190948.8,4.6793,258.993,71.49,21034440.13
2023,82407988.88,76082135.57,2.7419,314.836,77.39,61800755.56
2019,61257991.19,58315893.48,3.3356,260.192,73.55,23449213.14
2017,57387641.63,53065572.59,3.611,255.283,52.16,24575450.19
2024,99871629.46,89256142.57,4.1247,320.916,68.37,78211369.88
2020,67549387.45,48066018.76,7.8965,268.433,43.39,41914374.73
2019,63690694.55,63283742.35,3.5457,260.997,72.71,20204459.39
2012,49271977.45,42344970.42,8.1095,222.764,116.29,23372217.1
2023,75554479.41,71853278.45,3.8288,302.313,70.78,59246650
2015,42538611.98,43422585.54,4.6745,242.882,53.58,22367186.8
2013,53262548.56,50097992.59,7.4411,235.27,100.48,30976724.66
2016,33126972.63,34564429.56,5.1638,250.66,44.6,16789620
2020,79581065.08,50142859.99,8.0318,268.876,40.31,46725685.21
2015,48600654.52,46152867.93,5.2633,243.809,42.37,23627708.79
2021,69060586.86,56999976.79,4.8007,276.562,69.47,62034406.06
2024,94972102.08,81186350.44,3.466,318.419,99.33,73401044.17
2019,58988443.59,56337380.51,3.7149,265.647,52.76,22845964.62
2020,66237815.14,45790912,8.3752,263.516,35,43011037.22
2016,41720042.95,41287098.83,4.6506,250.493,42.05,20277909
2011,51844743.43,47187747.23,8.8262,223.142,109.83,16229513.34
2020,76689533.69,50553753.83,8.2417,269.211,40.07,44982968.57
2014,47577499.46,49605478.4,6.1492,238.817,105.45,25213411.49
2016,41695121.28,41026393.21,5.2158,246.668,41.91,19021827.57
2018,61792239.82,69292906.46,4.0412,260.347,70.9,25126149.8
2016,47665513.26,50944526.17,5.3042,254.73,52.39,22102272.86
2014,34848199.22,40238875.74,5.9912,235.966,84.97,21951222.13
2021,72849565.37,60286185.74,5.6636,278.665,80.79,59013755.77
2012,53808535.71,45673929.04,8.1946,234.905,104.88,23154881.78
2018,50167179.42,51092964.17,4.5771,259.088,74.2,19912778.78
2014,46348362.31,47210109.27,5.9839,240.146,119.32,24774261.64
2011,57030462.57,59606358.53,8.9491,228.663,98.51,18884513.36
2016,36797326.66,39180700.57,4.7387,249.758,42.83,21723529.15
2023,69829876.49,63499678.25,3.5075,301.4,105.67,59051843.88
2021,57222540.13,46168642.54,5.9129,279.171,74.23,55193638.07
2021,70561601.28,57745567,5.3043,278.164,65.58,63223784.37
2013,48904515.57,49293445.15,8.0384,231.395,103.58,27454509.31
2024,86077839.8,78979538.32,3.582,325,82.22,75068479.89
2011,48372868.58,48015633.6,9.3455,220,116.79,15232187.52
2020,61704833.45,41043067.24,7.9725,268.118,53.74,37731605.82
2015,34943141.19,39571000.72,5.9377,241.73,52.29,17704245.57
2011,48635344,49908846.69,9.1105,220,105.44,15355871.29
2013,51165633.41,48266786.58,7.5016,235.525,118.93,31528154.02
2020,79431481.52,54408977.49,7.951,264.002,41.69,44496134.71
2021,62049779.38,53744223.96,5.5168,285.268,73.42,56471249.17
2024,94174593.67,81186191.96,3.2265,320.607,85.64,70272597.2
2011,55888308.53,53803761.17,8.7925,230.329,107.91,17335355.98
2012,55764767.75,50247971.2,8.3829,229.757,109.56,25143192.03
2018,59120908.26,58110344.29,4.2929,260.857,68.1,23901140.57
2021,61012026.17,48072173.69,5.4523,279.271,77.64,47810416.81
2015,41656856.68,42120458.44,5.1846,242.993,52.92,21978118.04
2022,53619316.91,58394591.88,3.5541,297.013,64.93,48283467.06
2020,80632927.78,53735309.21,8.0668,262.591,44.56,44470603.96
2016,40830778.71,40468685.14,5.1503,250.825,43.28,18701477.11
2020,71316498.33,49976449.34,7.9372,266.905,38.13,40799599.99
2021,68159057.02,55192761.14,5.1769,279.711,56.33,53567123.91
2013,44379949.39,42043983.72,7.8853,232.076,116.28,24594458.78
2022,58138552.34,65100043.28,3.7221,293.749,107.37,50538296.78
2020,70263845.35,47403950.04,8.1532,259.13,35,41296306.74
2022,50378656.47,51304048.41,3.705,297.538,105.34,41453653.13
2017,55532500.66,51863737.76,5.0124,251.448,53.47,23519679.85
2019,61651102.48,64590448,3.9562,264.215,55.97,25176236.78
2021,74287413.15,62165092.11,5.4973,275.875,58.87,63809927.26
2022,68062903.72,68810478.14,4.6829,295.854,84.4,63632124.06
2020,71204655.74,49339569.74,7.6664,274.961,43.55,43374683.19
2020,80468329.93,54428033.56,8.6178,267.772,46.37,45719420.68
2014,40161892.1,41409046.39,6.4548,239.776,104.55,22589366.17
2012,48900020.54,45698306.87,8.2821,232.234,93.9,25250310.2
2017,59565218.55,53612679.72,4.9024,252.615,49.32,26035811.79
2023,70284905.28,65022665.38,3.8698,300.915,80.76,58432593.86
2013,44589564.11,45928276.29,7.0908,231.035,98.87,29174612.13
2016,40062017.25,41377075.23,4.4323,246.538,43.86,19505113.36
2012,47760965.53,44144331.48,7.9438,226.745,107.61,22678100.33
2019,66342344.39,66669626.32,3.0078,265.804,59.3,26402731.8
2016,45087793.33,54356081.1,4.013,247.392,42.4,23197572.6
2019,60668805.94,58561711.09,4.0624,259.686,61.27,23441554.07
2024,82540746.96,73285821.36,3.8535,318.054,77.91,73843008.95
2021,77686407.31,62619081.02,5.9749,280.429,64.58,65596795.81
2015,52656656.72,51280470.07,5.6118,243.405,41.05,27350107.53
2017,59347868.95,57220790.01,4.0379,249.64,54,25268878.12
2014,49956467.68,50927687.46,6.2531,241.994,103.27,25580508.13
2012,55622930.32,48911055.72,7.3288,230.652,102.4,25543503.97
2022,60705631.32,63698920.54,4.2667,292.852,109.18,59028000.12
2016,50725526.74,49365074.16,4.5007,247.366,41.46,22150972.04
2018,59881627.01,59188671.16,3.9499,255.572,76.96,25481461.68
2016,40673949.58,40349386.08,4.6347,242.826,43.73,20344764.74
2022,59908865.11,58528069.71,4.2513,294.311,108.82,53730995.34
2013,45469910.87,47830769.16,7.5693,234.527,111.06,24982007.24
2020,78366384.58,50859300.49,8.8874,267.058,43.68,40681888.03
2021,72885480.65,59024159.37,5.6653,281.713,63.14,63191228.03
2024,80997980.7,67241413.21,4.3198,317.346,101.06,61036900.13
2018,64409113.95,62336245.51,3.9399,257.751,70.98,24975830.95
2011,55682408.08,58427606.16,8.5743,225.751,115.35,18744765.35
2020,76637843.76,53891326.01,7.4284,263.341,44.03,45709822.11
2019,61506242.38,62506261.63,4.2299,266.134,44.56,26305149.63
2019,61469870.25,63828774.38,4.0202,264.605,67.68,26363499.82
2017,49122859.63,45905415.52,4.3451,250.028,55.6,21307190.71
2015,46597509.39,50059243.61,5.2769,239.485,63.35,24185591.11
2015,41288626.77,41363674.27,4.9783,243.018,55.98,22355255.98
2013,43107671.65,36933291.48,7.09,230.878,106.56,24080249.92
2014,39192307.89,42116449.47,5.6603,240.71,113.17,21928634.01
2018,61263824.47,62021796.7,4.2196,249.8,81.85,23067702.01
2021,73157030.87,63286888.26,5.558,273.864,78.74,60169999.37
2014,34596014.71,41429837.77,5.7198,237.879,100.95,19915179.46
2017,65189073.63,59963248.13,4.5186,249.327,57.53,27850524.81
2016,42798347.05,50082608.97,4.7132,249.989,47.08,23631202.48
2023,73680367.48,72383390.16,3.4601,306.023,71.04,63033341.91
2013,41910542.08,39170224.45,6.6522,240.438,118.51,25734056.32
2015,37013264.37,41663127.36,5.4021,237.905,40.13,20304162.19
2019,58605065.96,57638184.22,3.8575,263.919,49.83,25253652.55
2016,50029553.7,51741361.45,5.5064,245.574,46.06,22733893.36
2022,61923364.74,59134131.3,2.5944,292.12,104.14,54465002.11
2016,41519027.4,45319443.34,5.5602,247.644,42.04,19442371.14
2018,59174746.11,60969386.93,3.1495,260.73,61.39,23235332.39
2012,44172204.96,41297356.17,7.9912,232.791,96.64,21458639.83
2023,60729510.65,62458783.12,3.3349,308.933,71.32,48076388.2
2011,59562487.87,59845859.67,9.1143,222.668,117.31,19180012.51
2018,59077973.55,61083574.52,3.971,253.137,68.18,23543395.23
2018,60016291.43,61148939.28,3.8009,258.882,72.78,23187798.96
2017,65148864.16,64913841.56,4.6014,253.436,47.66,28496184.08
2019,71031968.52,63686781.06,3.4682,267.518,68.39,25505768.52
2024,92668014.61,81587524.4,4.0191,321.398,87.41,63534957.89
2011,56353582.83,54927108.45,9.2772,220,113.63,18620235.38
2013,51378750.8,44536320.41,7.7041,232.366,110.12,30003738.96
2019,65730961.63,63236401.27,3.8099,264.364,72.78,23318583.18
2022,57706204.67,62007794.83,3.5495,296.947,99.53,51025003.11
2013,48003717.79,46399407.48,7.3913,235.262,103.23,26280637.1
2012,59215977.35,54284495.87,7.2484,233.117,108.78,27248230.56
2017,58839348.67,51586499.17,4.5134,256.151,49.94,23402071.98
2018,65282326.44,68431298.61,4.1929,253.802,72.45,25121023.55
2018,53502947.85,57526883.64,3.8162,255.295,82.83,19062164.73
2022,71853921.31,73090622.28,3.2656,292.992,103,70024994.36
2015,44261011.75,46580055.57,5.5093,243.192,51.65,24533773.49
2020,69844692.16,46894923.3,8.1618,265.399,51.68,43312022.86
2014,47335630.72,55368261.54,6.1205,240.11,90.47,29976611.83
2019,56783163.41,58068219.53,4.1912,256.497,61.04,20572244.06
2022,60026363.44,55723449.96,3.907,294.44,104.07,51157930.07
2014,43644540.08,45048235.83,6.4333,236.716,94.73,22543439.31
2016,35198320.58,35879418.81,4.7125,251.343,46.74,18077608.61
2015,44325839.97,46792596.01,5.4502,241.023,54.61,25039898.8
2019,56434287.94,55681949.71,3.9541,260.609,67.24,22688383.59
2017,59554539.65,56424860.16,4.5473,249.762,58.45,24575505.9
2024,92034570.72,77160735.74,3.4881,319.132,75.16,73533888.34
2019,46085732.18,47539024.81,4.214,263.998,59.92,16914979.97
2012,50613357.97,46137984.7,7.8801,224.421,103.2,24036606.47
2024,94335397.72,84880744.26,4.505,318.944,69.5,76967907.36
2015,54947919.11,50926831.57,5.411,239.643,49.8,24083900.05
2024,98068965.81,81540029.84,3.531,319.516,84.21,73297444.35
2022,67107068.12,68639313.86,3.5573,289.394,84.61,56864119.7
2017,59670658.1,54606615.09,4.512,246.587,53.01,25679914.92
2019,63687253,58272248.88,3.216,258.688,74.93,24693369.88
2018,53127849.2,54415363.16,4.2078,258.684,76.1,21552464.06
2021,70995912.6,58902169.5,5.3799,277.731,73.98,58659719.13
2022,51035334.44,51904105.03,4.103,294.494,84.96,46060636.45
2020,68712882.64,47186340.13,8.1376,270.064,35,42019056.1
2021,58486130.6,48227665.71,5.8185,277.998,66.4,50329176.07
2018,61442403.78,61093073.61,4.09,256.355,74.23,22177112.17
2022,61204798.99,67927400.84,4.3546,293.052,91.79,57819615.52
2012,46129682.05,40031842.64,8.4153,234.945,123.44,21428536.61
2011,48587125.47,48955031.85,8.8396,228.052,115.75,15511165.64
2018,58035055.45,60281952.28,3.7023,256.075,67.07,24905511.59
2017,57204560.13,54013886.42,4.1479,254.24,50.88,27688775.29
2013,36675045.45,35762969.35,7.4703,239.511,95.91,22407802.33
2019,60064726.61,63548593.41,3.694,262.927,61.12,25220072.1
2011,46884405,45804960.95,9.4492,222.132,123.27,14969724.26
2021,73323320.21,62188825.79,5.3634,278.109,67.83,54958010.79
2017,61966639.74,58935348.33,3.9263,246.765,56.99,23651413.01
2016,44207538.76,47357018.99,4.9106,247.822,43.01,21956800.75
2023,77413176.67,79560457.64,3.9772,308.825,81.44,62435895.4
2017,56769752.44,50475873.72,4.6426,253.37,53.17,25881361.19
2018,59764419.66,63274674.3,4.0923,258.273,70.92,25186476.71
2017,58842191.97,51275821.09,4.3253,257.449,46.47,23495826.53
2013,43875106.04,42869801.57,7.002,232.421,101.58,28625455.89
2015,40203690.47,46165317.85,4.8983,243.405,48.04,22548803.19
2012,45141347.53,39595671.71,8.0106,235.06,100.83,21451588.58
2024,101643554.8,87529079.18,3.8772,315.093,97.58,78952657.34
2022,70098404.16,68149168.89,3.4771,296.377,103.85,59834898.58
2024,102893577.3,84322783.99,4.173,318.361,73.63,79063390.74
2012,52073264.87,46750556.61,8.1628,232.084,105.73,26725445.95
2021,69296656.11,57627059.17,5.1145,273.155,64.06,58946836.73
2020,79211987.88,52240783.23,8.1896,269.262,37.41,52261539.03
2013,47291136.1,42035845.86,7.4323,239.309,102.8,28043231.47
2019,61736813.18,60991026,3.7395,260.611,71.24,26330834.07
2018,65844669.83,69620504.59,4.4614,254.016,68.48,25735096.16
2022,61408562.7,59413390.7,3.6812,298.465,111.44,52433428.3
2022,59268929.22,63180095.37,3.6213,296.711,108.72,56713668.88
2015,50893870.56,50385672.65,5.6738,241.506,59.41,24265266.05
2023,69560107.69,62659864.26,2.9896,306.365,103.05,52624151.33
2019,57304200.39,58835447.47,3.7913,264.047,53.37,24399957.99
2024,88269915.74,71763309.86,3.0951,322.735,71.45,72187015.07
2011,52896455.24,58121162.53,9.4332,223.941,101.03,17611905.52
2021,66803370.96,54062792.96,5.6141,276.964,76.13,56633417.42
2024,85976686.98,73961034.65,4.2148,322.03,93.34,64344739.01
2021,60090484.76,50462376.66,5.7293,274.705,75.86,52309364.66
2018,64017689.46,66871030.76,4.4944,261.844,83.57,28880934.45
2013,42203078.67,36202340.98,6.7265,228.976,122.86,19880434.79
2021,76422036.15,61461785.22,4.9506,280.348,73.57,57613727.25
2016,41089453.49,43565457.86,5.1782,248.823,39.56,19296805.77
2013,51020880.66,50995709.02,7.226,229.649,100.69,31209101.07
2014,45920231.53,52895206.26,5.6869,238.069,106.71,27279908.05
2020,74444050.51,52609630.81,7.7062,263.098,40.97,38757787.21
2024,89822414.45,79539771.4,3.7113,315.255,95.31,69678723.02
2017,58166580.19,54232044.08,5.1123,249.989,59.49,21912800.09
2021,52480468.04,43050256.51,5.1096,279.057,77.04,41931523.1
2023,69552761.42,66811285.36,3.5297,308.54,89.99,50101371.53
2017,60375983.74,55129638.64,4.4507,251.203,55.05,23993727.44
2013,40198501.42,43129169.13,6.9907,228.453,125,29485432.27
2022,57069710.77,64610784.21,3.3887,294.444,71.01,58306223.28
2024,89986715.13,77320931.89,3.8434,315.738,84.86,71803303.58
2021,70687361.77,61306153.22,5.4941,279.121,60.14,59940986.8
2017,45827648.88,42424826.22,3.9274,251.27,56.84,21339438.94
2020,75888016.83,49946902.78,8.6324,268.112,47.54,38950555.17
2022,56774019.05,58706011.25,3.8187,300.765,81.15,51666852.57
2016,42716253.58,43005864.7,5.2416,246.359,38.23,20094582.27
2021,67561432.36,58477857.85,5.2115,277.702,61.42,64364986.27
2021,58393633.13,53392331.52,5.1851,275.323,60.29,58088523.36
2011,49510952.1,46278379.6,9.2064,226.886,108.77,14943425.04
2017,60174945.79,56541354.27,4.1699,252.857,58.51,27159686.21
2012,50480473.52,41821240.8,7.6718,232.013,104.25,23763524.1
2013,44320066.41,43486155.72,7.1364,231.449,86.31,24684639.74
2011,50604856.01,55612506.77,8.6666,223.211,119.27,18260396.4
2018,65949644.58,68828670.56,4.4537,254.924,70.38,24445879.58
2013,50081594.45,45117140.79,7.08,233.509,109.28,25614957.05
2020,91568581.13,58955075.74,7.9515,266.073,47.03,56576786.27
2014,40488332.46,43981109.05,6.3595,238.785,104.96,23598141.26
2012,52773616.96,46690538,8.1007,232.951,110.6,22694735.32
2013,44750732.26,43588925.93,7.4659,234.789,108.82,28343916.11
2014,39964941.1,47537448.93,5.7526,239.542,92.86,24335599.61
2019,61020689.26,63880030.63,3.3587,261.848,53.68,23318926.53
2022,65107927.66,66154050.49,3.8846,298.604,104.43,56827863.58
2024,86834214.13,70600851.76,3.7012,312.393,96.54,59413079.38
2016,50110443.56,51187532.39,5.0386,248.944,47.26,23532800.57
2020,89835989.48,61113922.47,8.0667,265.836,44.17,47287202.86
2011,50386105.1,51268196.45,9.6022,220.588,125,16610450.3
2023,72947243.71,67255894.1,3.3248,313.255,93.73,55270109.47
2016,41157332.84,40291809.54,4.8266,249.222,46.05,18700585.68
2018,60617773.04,58067753.02,3.0853,254.42,65.28,20556292.86
2014,47361353.02,48254833.55,6.4034,239.027,110.87,24157233.42
2023,75105373.04,69819935.69,4.0326,308.251,84.55,59387686.29
2023,74108991.34,72490284.21,3.693,305.873,52.19,54962236.15
2024,94673092.68,79410345.64,4.0407,320.037,80.56,71475139.56
2019,61980720.38,58335997.48,3.62,263.282,66.84,22056769.99
2019,59166149.8,58285421.95,4.2512,260.369,51.35,23916157.53
2011,53748461.25,52800742.89,9.1511,220,113.48,16462320.9
2016,39405354.53,39902546.98,5.073,245.171,43.68,17852704.86
2023,75723139.28,70510034.46,3.5812,304.824,95.97,55613045.5
2022,65555833.19,66415998.46,3.1717,293.067,110.66,55947355.68
2014,41856882.26,47948980.54,5.8849,236.974,113.97,22611178.24
2018,63830322.88,63208991.81,3.5385,251.48,67.36,23720323.94
2024,106148525.2,92240335.89,3.4838,318.191,66.36,79228707.67
2016,39244869.15,41855987.76,5.6012,252.624,51.21,19416382.61
2022,56959206.99,52635057.82,3.1112,292.168,102.27,46787540.22
2020,76545140.9,52246093.84,7.7423,259.972,37.91,46414873.37
2014,44529885.88,51232198.13,6.5371,237.133,100.16,26027833.82
2019,64858733.79,63468679.07,3.4578,267.234,51.92,24249793.33
2014,46251204.63,45777812.4,6.4282,243.966,95.61,24735057.53
2015,41500325.3,43960314.62,5.0979,234.671,51.68,21115165.03
2015,41870209.31,44863053.77,5.8579,243.686,51.56,24370486.77
2020,77199020.47,52034090.04,7.6537,270.595,37.73,46309097.98
2019,67233606.67,62982746.85,3.8134,265.27,60.59,22780102.71
2023,79991408.89,70921966.65,4.3364,309.179,107.55,63278495.2
2021,65728462.08,53926597.91,5.3184,273.086,72.6,52437130.64
2024,96998041.34,84722452.58,4.2253,320.905,76.17,78667821.29
2021,65237418.81,52529135.75,5.8893,276.254,75.9,56681447.83
2014,42708507.34,48506310.91,6.7079,240.49,114.56,24965133.11
2015,48494826.6,48461595.29,5.1047,240.817,49.39,23135524.51
2017,55514696.51,49716840.53,4.4683,254.481,53.06,23426049.17
2016,42254027.1,47082391.55,5.1602,250.452,53.44,20980796.96
2020,86263805.79,59959603.04,8.2018,265.585,47.89,49660924.29
2011,44766532.61,46977104.96,9.214,222.037,121.37,16276567.25
2020,84069911.58,58748490.68,8.3036,264.192,42.26,49980805.5
2016,40911846.15,43191164.18,4.3695,245.426,45.75,20468892.57
2016,34975838.44,37584863.85,5.2161,247.881,45.57,18722834.87
2011,57331716.7,64276770.84,9.5614,231.03,125,21155685.27
2020,63976624.29,45255109.99,8.8629,269.404,45.9,40954696.64
2019,57891881.82,58121609.2,3.9163,261.817,75.55,22254511.93
2015,44786083.79,45200048.77,5.266,239.69,45.25,24018688.78
2011,59468891.65,57629736.26,8.5942,230.803,93.55,18563650.87
2013,47296216,45625249.23,7.5358,233.067,112.61,29533589.77
2020,68213945.65,46966543.07,8.4258,269.851,50.18,41202331.91
2013,59539512.88,51684912.41,7.391,236.906,105.51,32336919.15
2017,49173537.53,43015259.95,3.639,249.874,60.47,18652239.18
2024,83303478,67618895.48,4.1916,319.349,78.53,60736526.35
2020,76084551.24,49476050.78,7.7974,277.026,41.56,42276032.1
2021,82927753.59,69753922.67,5.1662,276.649,73.41,71508766.06
2020,81272465.04,57291318.22,8.2176,268.355,35,46700285.46
2020,88800696.05,54875487.15,7.651,271.872,47.21,55959752.18
2017,51796736.13,48449972.5,4.8554,253.339,45.32,23599561.09
2021,73916805.89,59727455.02,4.7092,277.36,69.4,59713198.33
2019,61229753.91,67211405.45,3.5578,258.772,77.76,25834482.28
2012,47402089.86,41674809.22,7.5502,229.515,105.52,19764202.68
2017,62720803.22,61158173.91,4.3204,249.584,52.58,24574530.2
2023,65496158.58,60770520.46,3.4311,310.629,90.06,57800511.15
2013,50290331.38,46501829.21,8.2333,234.955,104.64,29873842.37
2013,46764198.92,49286516.79,7.1809,231.216,97.58,30398917.97
2023,76853602.45,70973527.81,3.0358,307.102,80.62,69554532.4
2017,53543633.52,53355486.98,4.9537,246.548,48.61,24386389.59
2014,40231857.49,45153191.28,6.3984,243.629,100.02,23307261.8
2023,75344926.37,69818463.27,4.3167,308.763,74.21,60474194.42
2019,61075524.18,59511853.82,3.2299,266.828,72.86,22660110.97
2021,65455778.04,55802820.69,5.3788,278.586,68.96,55773530.08
2015,42763270.21,44477356.45,4.517,237.736,52.33,22796440.34
2015,40126546.17,39683022.7,4.7516,245.082,64.65,18407541.57
2021,60996228.81,52348114.69,4.6062,277.765,56.5,58470936.77
2023,68762131.61,68250503.24,3.4743,311.298,94.73,56691973.52
2018,56519779.78,60444532.96,4.3003,258.864,75.88,20998254.96
2012,44414904.71,40808213.66,8.5959,234.82,105.55,23304444.6
2023,68298829.2,67099961.68,3.9306,308.968,88.46,56660329.99
2022,63494325.97,67593121.82,4.038,285.387,95.54,59634322.6
2011,56460400.99,60012429.44,8.9244,227.769,104.03,19017647.4
2017,60364081.38,53283923.38,3.9429,246.536,60.03,25734797.77
2015,44400101.75,45506044.58,5.5521,238.499,54.98,23377686.86
2019,61596069.91,63751072.56,3.6702,261.501,58.42,23367324.01
2012,43310595.53,39271173.17,8.1466,230.697,89.67,19840460.81
2017,46915116.74,48516617.97,4.4203,251.393,63.2,19777328.84
2024,98627275.7,82102818.42,4.3937,319.311,79.32,77116384.77
2016,43552460.1,43789235.5,5.9384,249.093,52.07,21269754.69
2022,61311189.58,62988143.19,4.1107,289.994,90.09,55318160.04
2015,46302394.79,47560593.18,5.0464,243.889,53.73,22239519.9
2024,96562887.48,79948586.14,4.637,323.163,83.51,77244761.69
2023,62061843.33,56940344.58,3.4495,306.492,78.82,56325853.49
2019,61562844.24,63895482.31,3.9719,261.607,49.65,25957715.82
2023,69737657.93,66441140.32,3.568,301.724,73.26,52562881.34
2024,104727903.5,85861709.57,4.41,313.75,82.1,82820645.36
2021,70438370.95,59729630.23,5.3659,270.362,60.14,64264124.46
2017,58582034.79,53285075.63,4.4253,256.683,62.81,22155588.49
2021,76173844.9,61642865.28,5.2262,275.942,75.74,61649474.36
2017,60289036.24,60313719.64,4.1269,249.128,54.41,24909585.29
2015,50346326.21,49454485.11,5.1986,243.684,51.36,25288535.76
2023,79168064.78,78096628.57,3.8828,308.218,67.9,62266037.96
2012,44122547.75,41674819.01,8.0006,228.572,91.22,22432432.82
2011,49458270.28,52951110.39,8.6599,225.318,95.23,17162758.11
2015,48096287.73,45536450.15,5.4083,240.331,57.53,26830677
2013,48504642.05,45999182.58,7.1479,238.174,125,27046804.3
2020,86102408.88,55293672.98,8.1589,265.916,46.82,51101248.36
2011,52407114.86,51809391.76,8.8565,223.66,113.13,18879618.92
2014,47997962.52,48494699.66,6.1256,236.027,96.57,22312134.61
2019,62353982.61,62202804.96,3.7467,264.487,64.75,25512892.51
2023,62710154.55,60181817.86,2.8525,306.711,70.86,49317012.03
2021,60413396.77,52833373.18,5.5858,280.557,80.73,52790647.35
2013,47195514.16,46434881.41,7.2032,237.733,104.31,30510755.09
2016,35758391.14,38457231.11,3.8421,248.161,41.48,17397585.15
2012,46178126.29,42809277.81,7.9468,230.527,85.78,23904828.83
2023,78386967.21,72037793.68,3.7415,308.061,95.96,60315324.86
2012,52759700.44,45278072.78,7.8962,229.453,106.33,24530884.15
2018,58362157.41,57658762.36,4.0584,262.956,64.92,19573256.74
2024,96013162.77,82997626.71,3.6336,322.42,78.84,68890834.45
2023,77316258.82,69853429.51,3.1081,311.095,106.16,60564286.84
2019,52467378.29,52232576.93,4.0252,266.795,61.78,20438240.53
2024,95913873.75,85398431.23,3.5397,319.974,68.33,72414905.22
2011,44447136.94,42381135.39,9.0194,228.025,125,15002935.67
2016,41477031.85,47345777.17,5.4166,244.913,35.61,19694748.52
2019,60553551.13,56584429.76,3.9964,262.937,74.8,21587937.95
2013,46818886.22,44877751.44,7.4406,231.317,107.9,28712197.37
2014,42387310.11,42573309.18,6.3138,241.94,102.26,20685398.82
2012,53344687.32,48284424.61,8.1319,230.159,101.95,26811478.86
2012,50528000.4,43233906.4,8.6401,227.97,98.38,23998801.78
2011,52905650.83,50205227.7,8.9469,227.898,125,15299187.24
2011,55451223.77,57958520.69,8.7619,223.319,116.18,21074979.9
2017,54398146.7,48274387.1,4.4464,251.695,49.7,21056927
2019,58824758.83,60612994.3,4.6636,266.683,70.57,22433595.49
2017,58509429.79,53113431.48,3.4433,252.979,58.7,25783531.47
2015,41597861.46,45745676.73,5.2308,238.658,51.9,23858998.02
2011,52907488.45,53328888.74,9.014,226.688,107.81,19415412.18
2012,50411768.11,44341573.41,7.8836,229.275,115.88,26623493.25
2020,68846507.84,44671846.57,8.1401,271.066,44.26,39696794.42
2018,55950756.07,60675134.64,4.454,259.326,68.95,23659819.32
2024,105350121.8,89482705.84,4.0477,316.987,86.63,80138642.76
2013,40728875.31,41490495.55,7.0493,230.883,99.43,23953742.14
2020,63769861.38,41369790.47,8.2489,269.455,45.92,36702931.37
2019,64834297.67,64049827.45,3.7865,261.775,68.19,25377777.05
2020,78674409.18,52681974.47,8.1114,263.866,41.44,46549600.3
2022,59251210.73,62246638.07,4.127,289.887,106.64,52832528.77
2021,67884938.89,54283580.44,5.8302,277.028,63.76,61588954.01
2015,38141999.21,41141410.91,4.9086,240.828,57.62,19431892.88
2016,33326176.62,37163678.8,5.008,246.986,49.9,19466208.55
2023,70297423.59,73168822.1,4.0069,308.924,74.22,62045756.64
2023,73839480.66,68180488,4.104,306.619,73.76,66218045.39
2017,55695060.36,51420815.71,3.9264,256.217,46.45,23601989.85
2014,43508214.19,47727177.55,6.0406,235.653,79.22,26013383.84
2023,68605634.12,62421291.79,3.4377,308.831,86.08,57894685.74
2011,52821988.27,50512324.85,9.3422,225.463,125,17229655.58
2021,66586105.34,57904600.37,5.3533,277.622,69.87,61498753.18
2012,52013076.67,44238696.38,8.0114,231.4,111.66,23165069.71
2015,42444448.89,42389916.77,5.8209,246.99,47.78,20870432.28
2012,52052927.59,46847890.56,8.0482,232.437,116.92,23300629.42
2021,75782305.81,61930746.88,5.0771,284.405,66.65,61788336.63
2012,43895191.7,39631485.25,7.9586,226.623,123.54,20512138.67
2015,44914266.17,44891830.7,5.2404,244.635,48,22188630.16
2020,73156591.78,50330926.56,7.7479,267.999,42.53,47017963.47
2024,94965722.69,83773357.01,4.4764,319.826,61.13,71839676.99
2019,62494088.08,59199547.9,3.7585,265.154,77.15,24198999.83
2018,63128825.7,56623223.24,3.8132,252.535,82.61,21766121.96
2024,82406936.86,75411656.96,3.4139,325,88.45,61181883.89
2011,51335209.11,50981448.34,8.7057,227.902,91.67,19548037.54
2021,72115598.82,61033494.76,5.6048,279.438,80.65,66290208.66
2015,42885238.16,50067616.92,4.6675,240.51,56.13,23926528.69
2017,64206829.2,59708028.74,3.9954,251.218,48.13,27585567.96
2011,48649644.55,51969014.08,8.3525,223.917,125,15313576.13
2022,59376113.51,64436455.51,3.5842,294.695,91.61,54219581.77
2011,51785658.95,53082212.91,8.5322,229.843,100.71,18372810.38
2019,55491174.28,54890691.28,4.0479,267.703,61.76,21191696.33
2015,38647816.71,40326857.76,5.3696,243.42,56.95,19419797.31
2022,63595944.17,66928618.77,4.1169,293.447,90.45,49782658.85
2020,80226398.01,54276661.05,8.1182,270.025,50.04,47761205.08
2024,77162487.62,70321228.14,4.0639,317.816,64.56,61388983.8
2016,39846463.43,43722652.45,4.8301,246.086,43.72,20523714.65
2018,67775789.78,68979715.23,3.8492,257.397,76.08,24317475.28
2014,45699031.37,46874771.48,6.1046,235.973,97.35,25303515.4
2013,48957704.99,49892614.11,7.264,231.591,110.04,31136482.54
2019,64818453.15,67414704.96,3.1305,268.673,49.11,22380881.05
2016,42265229.01,43097081.37,4.9632,245.883,48.33,20672448.64
2024,97486079.08,85126429.88,4.1517,316.458,82.17,72050919.06
2018,59434461.88,61914296.22,3.6925,262.306,77.33,24256281.26
2015,40530496.37,44635858.75,5.6902,241.434,48.93,18874278.31
2021,57986110.38,49906828.23,5.0058,269.832,71.38,54417466.56
2014,46261509.06,47843332,5.9977,233.534,116.05,24372171.73
2020,64747175.76,45419214.51,7.9793,268.252,44.69,37906557.99
2022,65408482.52,64334388.42,4.3872,292.621,93.65,56590106.3
2012,49511057.09,48856292.94,8.2675,229.863,113.42,24668915.87
2015,46281790.97,45243560.5,6.1877,246.919,52.61,23284237.77
2017,60067075.43,59186762.38,4.2747,246.092,57.96,26630742.43
2014,44516162.45,43738791.36,6.3425,238.695,94.83,21815600.13
2022,58886332.92,64333160.66,3.8242,295.589,103.2,56792141.94
2022,60734583.88,61711444.09,3.8746,291.809,82.69,59874650.86
2020,72471905.95,45855598.48,7.7948,266.674,46.19,44017623.67
2021,63672923.06,56488099.11,5.7643,278.099,61.69,58689433.78
2021,70180795.39,57760278.77,5.3396,283.941,73.36,58970526.16
2016,48179416.36,50597858.34,4.4503,248.56,45.17,21311537.39
2011,51962762.23,58711217.81,8.7183,222.52,89.75,19292795.52
2019,58599300.74,57053508.93,3.8602,264.368,73.13,21374084.54
2021,69819516.14,59830286.42,5.3653,277.669,77.45,58990797.96
2020,79364375.38,50509974.18,8.2462,268.513,40.49,41550253.04
2014,32928341.73,34326810.36,5.6665,234.135,99.94,19324654.27
2011,40478458.6,45564478.23,8.6016,226.489,103.87,15301705.66
2011,54632445.42,54780811.56,8.6987,224.062,114.4,18580199.56
2022,57230687.37,56934874.62,3.7333,294.091,117.34,49880199.58
2022,67670451.01,74913959.21,3.6289,296.315,88.31,58710229.89
2024,91994563.13,74822788.73,3.8554,316.333,88.14,71391737.61
2019,57744736.54,54363419.52,3.8937,264.108,69.61,21963867.73
2021,75336006.61,63153904.52,5.0879,276.906,53.21,72921199.26
2018,51990342.21,59387842.89,3.1777,254.374,67.27,22185687.04
2014,46167309.61,51440911.81,6.3882,241.265,109.28,26552043.22
2016,43020610.18,44743296.52,5.5123,244.66,38.48,23551325.29
2011,53385005.16,52026586.81,9.2599,220.996,97.69,17996703.72
2012,50423257.76,45880817.73,8.3973,225.093,106.92,21721100.2
2015,50496165.46,49799751.32,4.9168,248.884,54.32,24068630.05
2023,67059538.02,63514242.57,3.7802,311.462,89.05,55709860.25
2021,67942269.3,53265101.01,5.4894,283.152,64.48,55372598.9
2011,51196806.63,51623959.93,9.0842,223.991,101.49,16839912.93
2015,50918749.6,50733830.2,6.0234,242.907,46.5,22091862.15
2016,41869568.59,47600620.47,5.56,249.944,43.71,22032959.48
2022,52189674.52,50349483.73,3.7006,299.734,102.42,43451317.52
2013,38823178.07,36974548.3,7.1164,232.42,118.49,23324595.01
2016,40508579.56,44141102.07,4.6551,250.656,36.46,20007390.74
2019,52042798.22,53425840.76,4.3645,265.416,63.14,17053223.16
2023,75133313.84,70450838.98,2.9665,308.498,96.04,56302990.35
2017,58729127.06,56222193.23,4.231,256.698,52.78,26494304.72
2014,41546096.2,46439471.32,5.9164,232.426,84.78,21480384.37
2012,54021724.13,52909292.18,8.2718,228.718,125,25037924.68
2019,57231932.4,54932266.89,3.5903,266.036,69.18,21174130.72
2012,49139189.23,42832709.68,8.4193,227.28,98.5,24766625.09
2023,66136661.04,55330931.22,3.812,308.506,73.27,45802661.29
2022,59854446.95,66571418.09,3.8491,296.206,75.11,53937657.17
2015,45004767,46361507.44,4.6488,246.834,42.57,24115173.42
2011,52486512.91,56647828.28,8.8584,226.676,112.7,19292101.24
2016,43527248.12,44843388.89,3.795,252.087,41.34,21732725.94
2022,57976197.9,60371993.3,3.9267,297.594,94.26,55673560.63
2020,75820228.78,51937942.82,7.9184,270.826,49.37,46607351.37
2024,89704269.06,80202179.87,3.6936,320.434,79.14,71855069.86
2021,62006239.86,49488922.54,5.3281,277.074,82.88,55202822.72
2022,67074551.98,69701672.31,3.5565,291.714,103.03,64895985.93
2015,46354974.08,46357051,5.4021,244.62,48.2,23158634.36
2015,50226298.31,52888495.13,5.2615,247.968,49.24,24516294.44
2022,67981568.68,70834396.4,3.7785,294.464,111.21,55633924.04
2021,67570808.44,54136362.56,4.9961,273.07,85.44,59546335.15
2012,43347685.15,40610680.01,7.4804,230.323,111.63,21155035.23
2013,42125952.05,40650551.97,7.4095,232.481,111.54,24102124.67
2014,45349150.66,49021453.79,6.079,233.294,92.16,24784702.89
2024,96176358.94,84512744.45,3.7667,315.496,92.51,69242317.94
2021,54131939.57,46850116.26,5.2531,275.189,70.07,50729236.53
2022,58326675.02,59003490.48,3.8188,297.413,77.28,48367492.15
2019,61815080.17,60891681.38,3.6459,272.116,74.1,23628970.75
2022,46682313.49,52453462.17,3.7494,294.184,92.2,40531910.02
2020,79876953.07,56142050.04,8.106,270.158,40.26,51349065.77
2013,42832901.73,44454719.82,7.527,228.321,98,28119876.83
2020,80724992.49,53333799.66,7.6236,267.536,57.13,51183084.01
2022,49554283.97,53052915.39,3.4372,296.51,72.43,44416392.63
2016,41263409.82,44744927.15,4.7345,242.781,45.17,22987175.99
2018,67063657.16,69280775.79,4.2974,257.325,71.69,26613954.69
2021,57194104.59,47036707.25,6.0801,281.614,60.12,48774824.87
2012,45478700.28,44314574.9,8.9394,223.082,115.29,24077873.52
2014,41466290.5,44760022.32,6.1513,237.012,98.21,25765554.7
2013,54848390.3,50276318.38,6.8416,227.485,100.8,30524393.2
2019,55132846.37,56228255.9,4.1332,260.038,54.16,20817961.65
2018,62935642.15,64036073,3.8375,260.038,65.35,22718311.74
2013,42714299.31,41625681.35,7.7827,233.619,111.87,27640147.44
2020,65379696.63,41600363.06,7.8715,270.089,39.43,39358739.37
2018,59775840.75,59471013.49,4.6213,264.091,56.43,21267514.1
2012,46364712.56,38107564.01,8.0967,231.601,109.17,22306400.42
2011,51835282.38,48119340.49,8.5164,223.553,125,15192139.13
2016,42288709.43,42925728.14,5.2778,241.434,46.46,19701619.62
2020,77163277.87,52665144.68,7.9957,263.818,37.89,47793375.84
2013,45449793.54,40185436.72,7.3185,233.839,118.44,25181914.66
2013,46689530.65,42586939.95,7.5791,230.287,107,27733979.59
2013,43063608.4,39481668.6,7.3205,231.596,107.18,25611249.03
2022,57650611.34,61432771.93,3.7434,288.836,98.78,52774248.93
2014,49657532.18,54741244.05,6.7522,241.236,100.02,28176207.35
2012,43455963.94,37003479.17,7.3549,229.152,125,20177011.82
2021,65216722.76,52592703.09,5.6868,270.785,70.45,59008288.17
2014,39542218.02,46844172.65,6.3876,241.704,93.32,23345080.4
2014,43427102.29,46703405.8,6.4653,228.842,106.31,27453840.12
2018,53743552.06,57657159.81,3.7032,255.193,63.35,23625166.4
2013,41189717.67,40565695.9,7.5963,233.318,120.72,25818575.81
2016,37183833.89,39720038.09,5.0974,249.02,35,22348183.15
2012,43822753.47,37459969.03,8.0977,229.487,117.46,19981846.55
2012,55375556.24,47332002.65,8.6776,228.911,115.37,25206107.76
2014,37507436.51,36823317.95,6.6438,239.632,101.39,20051726.53
2014,40319634.06,49070971.28,6.3138,235.246,82.64,23420499.13
2024,93736001.76,83827733.02,4.0598,319.99,61.56,79892723.92
2013,46234124.28,41134702.91,7.5909,235.084,111.09,25397747.41
2020,88641088.94,60451507.32,8.456,267.463,40.47,48189305.54
2011,53826666.19,57575184.95,8.9553,227.87,101.32,19370260.03
2020,70603272.06,47790721.75,8.4535,262.78,39.25,42259218.69
2012,44522831.14,39273683.85,7.7124,224.114,122.9,21927158.35
2022,60998600.05,63169977.99,4.1894,295.077,97.5,50081719.85
2017,54292524.72,50732750.38,4.7733,244.07,60.36,22315255.31
2019,71185707.83,69161705.04,3.9468,262.738,60.78,24557050.03
2011,50967791.91,53001793.99,8.8207,228.759,109.93,18861141.43
2019,66128203.95,67407507.05,3.4782,261.071,50.12,25575744.91
2021,69062161.46,57561862.18,5.7632,272.588,69.83,62752022.82
2011,44460173.8,45830197.07,9.0003,230.45,112.36,15263308.69
2022,62453617.75,63365384.93,3.6336,295.407,109.23,50374177.87
2015,45822308.32,45279676.16,5.0453,237.971,45.76,21219371.3
2018,56697439.79,61437387.04,3.5561,261.45,69.41,24583527.85
2013,50366665.13,48944668.62,7.6688,239.658,113.42,29045684.76
2014,43403848.53,51920124.03,5.7322,241.852,89.9,22505640.27
2023,62911517.26,60106418.55,3.4779,309.335,83.79,55969205.08
2020,83581082.34,55958769.59,8.2096,269.18,39.03,51183103.57
2023,70825477.53,68795282.03,3.7143,307.354,77.74,52980035.42
2018,50264529.26,54243459.32,3.7626,256.246,78.58,20130817.17
2023,69211790.75,65208261.75,3.3499,314.773,79.35,54616174.1
2016,48821928.35,50948867.1,4.568,246.601,54.97,26198307.33
2012,58637630.87,48190222.9,7.8098,233.576,125,30133138.87
2016,43663855.89,50240315.18,4.7727,244.553,44.27,23977077
2024,97240456.69,85050542.39,3.3275,313.625,81.35,68105151.83
2023,76053511.79,77201667.32,3.6834,313.088,74.07,61266027.5
2024,100372754.3,86484437.57,4.4499,319.961,88.05,71533069.81
2014,41435911.79,46436674.27,6.6908,235.818,91.7,22183936.94
2013,40773495.89,38630209.8,7.585,233.001,111.8,25163404.43
2016,47291095.42,48287733.52,5.3249,247.043,44.82,20994986.08
2018,56088197.66,57352661.63,4.15,258.471,76.18,20209118.98
2017,46057811.87,42247978.03,4.1113,251.077,60.3,19524105.02
2023,76459745.31,67443501.32,3.835,309.818,83.45,58031118.99
2020,82907068.57,58229110.4,7.0789,266.362,35,44190783.69
2017,51956222.64,45962027.97,3.8522,248.638,67.13,20938379.75
2017,63408387.21,58318472.3,4.2519,249.893,64.81,26522406.24
2018,54697754.33,54749541.42,3.6091,256.667,64.63,22418839.31
2011,52004487.46,52702658.41,8.9125,223.86,97.34,18950591.38
2018,62261061.35,62823187.14,4.137,260.043,63.94,22611414.97
2018,60024211.89,60404689.89,3.9587,261.717,81.58,22685229.6
2022,70656922.37,72182461.29,3.3666,292.712,101.07,61904205.88
2016,45546540.81,52060190.64,4.8758,248.325,43.11,25507998.04
2022,67042192.9,66799177.49,4.1586,297.506,97.05,55369458.31
2019,59624721.12,63413335.44,3.7683,256.926,72.92,23234445.63
2021,73734826.77,57921386.57,5.6649,277.631,66.15,64487775.72
2019,50791634.82,46711268.53,4.0237,263.406,63.32,21144726.1
2021,67719130.3,55867872.53,5.3493,273.998,70.24,58361644.95
2011,44351188.33,43051460.13,8.9554,223.187,103.56,15684621.1
2011,57083679.48,57247982.56,9.1974,227.621,103.64,20123687.07
2021,71718411.74,60800109.78,5.2471,274.331,74.82,68985756.16
2017,54057127.48,52375154.92,4.444,248.393,60.68,23096074.71
2014,43414336.85,45144977.57,6.654,238.238,87.89,21857865.71
2018,54102020.81,57846285.75,3.5584,253.821,67.88,21299707.01
2011,49339400.39,48152115.56,8.5446,227.308,125,18516717.24
2011,49114975.85,45921385.67,9.2539,227.71,109.36,14302340.45
2022,66721302.75,65218259.14,3.0281,301.22,110.18,54299317.49
2014,37689242.7,41365872.35,5.6767,239.106,100.39,20348309.67
2019,54277436.11,57207431.71,3.2364,264.753,69.99,23930624.71
2014,42819390.41,49662421.22,6.111,237.276,106.49,26797381.96
2019,65173115.5,63043784.23,3.3601,263.921,50.44,24477891.22
2019,63426015.58,65264015.96,3.7857,261.034,66.1,25315987.74
2014,46824115.61,51252803.5,6.2748,239.537,95.24,27062517.52
2017,51565386.08,45623124.81,4.6193,250.166,58.56,20369147.7
2013,43721741.45,42662369.23,7.1794,234.186,99.79,29008305.91
2016,35093773.38,34793726.95,4.6989,251.184,43.78,15339960.23
2011,50674717.04,50820314.43,9.4486,222.598,86.26,16779789.84
2011,52061846.2,49794123.61,8.5859,226.584,93.22,16104036.67
2014,39042776.51,43505113.81,6.0956,232.509,84.13,22920751.37
2023,68302135.9,66699691.34,3.7598,307.396,97.84,50253002.23
2021,68928073.28,54584995.79,5.5933,273.954,71.15,57684930.9
2019,60898457.66,61974023.35,3.4998,262.076,69.23,22552862.76
2021,61437509.73,52448499.08,5.3999,276.186,69.3,51718992.77
2014,43191778.06,49316927.03,6.4546,236.048,86.91,25477028.59
2011,48076751.98,51087172.52,8.6677,228.572,117.61,17386954.37
2021,58834115.97,51402769.9,5.055,275.711,69.33,46518435.43
2011,52244168.17,48362576.4,9.1033,225.495,98.01,17602714.63
2016,37522618.02,41829606.1,4.6421,246.485,43.7,19035337.98
2013,49627597.82,45554329.8,7.5787,230.525,117.99,27154168.64
2022,74859100.26,70661523.29,3.4764,290.523,115.35,58209006.31
2015,41981757.28,44587403.66,5.3779,245.796,51.06,22539381.04
2012,53393699.38,45641662.51,7.2423,231.21,109.74,23695772.6
2011,56047192.01,55495029.92,9.4623,225.639,111.41,16495411.76
2019,75107704.27,71775760.26,3.3301,265.632,80.95,27605024.36
2012,52726135.78,47161593.27,8.0927,223.631,93.56,23636553.15
2020,89616679.22,60315745.58,8.0057,265.651,51.65,55226645.77
2012,44228131.88,40892092.74,8.5039,229.342,113.44,21272118.79
2019,70101373.11,68545943.02,4.0638,264.723,71.21,24236474.92
2020,73035395.25,50015174.27,7.9474,263.64,49.15,43093516.82
2018,71836733.58,72764779.91,4.2327,252.888,68.51,27585633.72
2013,44619664.53,42002011.81,6.72,229.283,125,27837757.85
2019,69183871.54,65221842.21,3.5899,259.294,60.08,27210760.52
2011,49106043.57,49410180.24,9.54,229.358,115.04,17625757.48
2017,61516726.55,57603142.38,3.9734,254.01,49.39,25574728.23
2023,85049978.89,81570482.87,3.902,305.881,91.05,74252618.25
2019,65349467.54,63486983.41,3.6976,261.721,75.64,22110549.92
2015,46918221.78,42246983.12,5.3732,244.909,55.13,22959229.45
2016,43098087.07,45220349.61,4.4055,246.291,47.63,21650567.25
2019,56383166.86,55279569.21,3.4428,258.607,55.4,21016672.26
2019,54589373.38,55749175.79,3.4323,266.039,58.29,19625943.82
2018,50280854.35,54450368.52,3.8818,251.929,60.18,21002690.66
2020,68814470.51,49248623.68,8.1969,268.333,46.68,46219493.11
2024,100517015.8,83554383.25,3.9538,323.025,78.93,67289361.57
2020,76114248.24,50061219.48,8.0116,264.033,35,47694092.22
2023,65008412.84,63709189.24,3.3921,308.173,67.5,61653790.26
2021,61415952.38,55032202.17,4.983,275.117,62.55,51051716.24
2013,48245154.04,44280355.61,7.2702,229.011,109.18,26815890.01
2024,96367930.12,82811748.28,3.8964,315.103,82.07,76821572.9
2011,54716034.03,55110033.67,8.9585,222.651,100.07,17632371.36
2023,74526332.94,68273576.04,3.313,313.874,76.57,58886119.47
2023,73479793.73,70174499.07,3.5758,312.498,79.44,60369209.32
2011,55153928.07,51558267.9,8.9293,230.513,108.35,16848868.7
2014,48295935.75,50922773.21,6.3597,235.309,100.77,26570216.46
2016,46830048.89,47457736.68,5.4321,250.434,46.91,20416108.22
2016,41868817.3,45559098.7,5.0203,248.552,41.33,23396572.92
2024,97114621.39,85792369.4,4.5803,317.81,83.43,70846274.42
2020,66739933.66,43232316,8.2516,270.198,41.79,42578140.14
2019,55449934.89,55815495.62,3.5434,268.042,76.21,22042483.99
2011,51286801.07,51652913.31,9.4224,227.623,116.34,16256350.57
2011,48876190.89,45910304.81,8.8904,229.361,125,16077558.7
2014,35378366.3,40078655.48,6.21,234.584,88.75,21668117.47
2014,39607871.59,49127865.01,6.8741,235.513,91.37,23726180.98
2023,66080710.89,66994276.16,3.3952,305.658,93.11,55814819.11
2015,42931217.71,44633840.61,5.3323,242.392,42.67,21714754.13
2011,58918225.9,56306538.38,8.2531,231.297,100.41,16835013.36
2018,63061624.86,64375904.17,4.2873,260.621,84.46,24558759.25
2018,55855477.04,55691309.06,3.9823,256.41,66.7,21000105.62
2011,46659480.42,48874230.64,9.1873,220.704,106.92,13637650.4
2012,41382952.51,36371351.96,7.9028,231.306,105.22,19822317.26
2012,55973798.75,46138269.46,7.6924,222.647,116.15,24489886
2014,47758889.95,52095668.83,6.2588,236.486,105.17,22465548.78
2017,61727466.62,58371443.23,4.784,247.211,55.6,28457761.04
2015,39235646.05,43566735.57,5.3264,238.187,48.85,23076832.28
2018,52514393.84,48292805.74,4.1232,258.015,76.86,18658299.31
2012,56007751.66,44684555.99,8.2545,227.544,117.03,26792313.45
2011,54942396.18,59695954.62,8.7652,222.432,116.63,18897459.61
2024,85609992,71162882.81,4.0866,319.777,72.92,64329792.04
2014,38852655.11,41100344.84,6.0919,240.517,85.37,19754432.13
2023,55731427.26,56025212.64,2.8625,308.643,74.89,45117648.6
2015,46585633.85,47506386.92,5.4706,245.558,43.17,24636305.55
2012,48711156.8,45874301.21,8.2181,232.749,125,23946367.41
2022,64829665.07,66190957.9,4.0021,296.447,78.55,53107159.71
2015,44208615.4,43540919.29,5.4788,239.578,57.92,22457536.41
2016,45039091.68,47044913.79,4.8818,249.056,37.05,19999428.27
2016,44920376.55,48361328.3,5.0916,245.885,42.48,22130253.07
2022,52920967.54,51592116.8,4.0182,296.887,113.72,42078268.55
2013,44225911.32,45466611.51,7.0177,231.4,111.07,29913940.47
2015,42705529.51,48469142.1,5.1398,238.072,48.35,23624124.53
2014,44807221.9,47749855.09,6.0363,233.215,121.48,20640251.47
2016,43224542.86,46543918.6,5.6203,249.837,35,21507716.05
2020,87205467.81,60959839.81,7.6805,270.468,37.4,55538851.5
2018,59747944.33,61837959.98,3.7611,258.156,82.97,26236295.84
2020,73159120.92,49574947.69,8.0376,262.962,44.63,46259658.71
2022,65264397.24,67049766.59,4.0134,292.839,103.69,57182003.93
2011,44420036.34,43872381.68,8.2667,224.593,125,14576602.05
2022,66372847.56,69933444.65,3.3995,296.906,94.3,62253512.91
2016,42113993.36,43659704.36,5.3659,243.471,35.62,22994317.6
2016,48738423.14,51254518.13,4.8279,249.288,50.73,21214048.76
2014,49561908.32,49847168.87,6.0496,240.753,88.76,26142687.49
2017,63003491.2,58419207.65,4.2279,250.235,50.84,28020117.35
2023,74770583.53,71753144.93,3.5148,308.991,84.22,57527700.87
2021,63465166.04,53256129.43,5.4768,279.757,62.16,55304523.8
2019,60369708.2,62025984.95,3.3048,262.828,71.86,23635374.36
2020,77217780.41,55208856.32,7.9655,265.923,38.55,45327114.17
2014,48813505.06,48661709.5,6.0913,236.015,117.27,27038297.33
2015,46942993,46943918.57,4.9191,241.664,44.17,23243057.56
2013,48744163.39,46274540.77,6.9669,238.891,91.59,29140326.46
2014,42032232.68,44655576.55,5.9838,234.785,98.9,25238813.75
2021,64447122.46,60513375.61,5.2205,278.197,58.84,56854229.79
2014,39242192.35,41225924.22,6.5399,237.761,95.09,21833898.78
2016,42644199.77,44000268.13,4.7962,248.374,39.25,21366789.42
2020,84622340.28,56254165.69,7.1173,264.295,49.86,50383607.09
2015,52767862.21,54427019.86,5.2407,242.621,55.67,27228803.47
2015,43453009.74,43225992.33,5.0156,242.085,45.76,22728970.6
2020,70225332.13,53105227.65,8.4777,269.895,35,44248462.92
2017,67167578.62,60655826.18,4.1116,249.022,42.86,26458596.69
2019,59866719.38,62258617.62,4.2915,258.588,72.73,21857548.42
2015,46625006.42,47680255.98,5.4936,243.675,47.9,21804011.92
2022,60998817,58419370.55,3.7288,292.544,85.1,46606878.67
2022,54534271.78,56839361.25,3.3286,292.38,104.03,45628968.87
2016,39977363.44,41117250.77,5.5952,248.014,45.45,18117453.24
2018,64057957.39,60635251.03,3.7698,255.089,78.83,23270409.51
2012,51357271,48072847.92,8.3511,228.441,104.49,25731532.52
2017,57221194.98,52772399.67,4.7485,251.691,44.64,25541712.54
2023,72547912.74,65999938.57,3.4659,309.58,88.82,58306876.32
2019,62738111.71,64457788.05,3.5642,264.977,66.69,24196846.02
2019,64253071.34,63236181.2,3.4274,263.015,63.86,25237001.4
2024,97016782.98,82213692.58,3.6419,320.465,76.77,75446433.34
2016,41011555.83,43757339.54,4.6243,248.178,47.12,20912866.1
2015,45303413.81,47588038.62,5.25,245.382,43.37,22710408.64
2019,64211092.8,64939466.32,4.3275,259.239,70.48,23834872.02
2016,35153402.94,36900905.14,5.1176,244.589,47.48,17678961.08
2014,33904627.32,40305597,6.6197,236.88,101.02,19402694.53
2023,70365630.65,64971320.97,3.5384,311.871,91.42,51775429.51
2014,40319265.81,45090242.69,6.5483,233.814,85.22,23249223.48
2023,63853469.71,57856772.31,3.6124,306.403,83.13,53464574.32
2015,42032849.1,45198939.81,4.6219,244.458,53.43,22067373.95
2023,82408049.69,81724343.99,4.0957,308.586,80.64,71254706.48
2013,44715882.22,40231875.68,6.8632,235.307,112.74,25815535.58
2016,34335568.86,35963994.56,5.0624,245.051,52.22,17107146.09
2015,39556792.63,37642315.9,4.9744,242.271,46.81,21787710.5
2016,41763836.49,43521837.04,4.9608,248.671,47.31,19171283.73
2013,46876578.32,41896535.15,7.4158,235.971,91.78,29513025.03
2021,71417095.75,58080501.28,5.3633,278.517,75.73,62764832.15
2020,72647448.41,49390107.14,8.3773,259.656,41.05,47447191.28
2023,78264954.33,76993498.88,3.4616,309.641,74.28,61178510.98
2014,43496711.95,47168670.2,6.4503,236.953,109.64,24114327.74
2012,49389197.69,41430175.97,8.1774,225.256,110.4,23148765.4
2020,73257604.63,44699834.21,8.0603,271.077,39.48,42698076.26
2017,48255247.38,44685218.02,5.008,249.804,52.37,21489500.69
2014,39725637.29,43570635.4,5.7772,238.773,77.92,21891304.66
2013,42300908.89,36584895.03,7.0258,230.89,107.63,24605466.04
2021,67044052.6,55899889.82,5.738,277.223,62.36,57045046.18
2016,41149215.84,43972333.66,4.6598,251.361,51.71,21222212.17
2011,56784613.6,54818607.44,8.7711,225.879,121.23,19509319.59
2024,93020244.11,79707975.83,3.379,321.318,94.28,77538471.15
2015,51137753.59,54949515.45,5.4105,240.423,52.57,27236126.56
2023,69391808.25,64479401.8,3.3558,312.19,88.97,54478168.76
2014,45712309.85,48444091.95,6.3813,235.603,103.8,25213142.33
2023,71952599.58,71321190.74,3.7249,310.54,63.22,55498595.69
2017,62297410.91,60010541.24,4.5001,254.799,54.97,25439782.5
2021,62394226.5,49620073.64,4.7911,275.237,81.16,54159805.92
2013,37640317.09,37422698.31,7.1043,229.647,66.58,22736461.92
2024,87400029.89,75569002.2,3.4936,319.475,68.65,70135446.59
2014,46648176.34,45437028.42,6.1566,243.569,97.04,23146498.4
2011,51854534.18,48052850.56,8.1385,225.418,97.33,16530915.57
2013,49507560.62,46045217.9,6.4348,242.682,94.82,28052092.54
2014,51212784.17,54654854.74,5.7861,235.387,86.93,25483910.5
2019,62069442.31,61882107.65,3.9898,258.254,77.73,28014018.2
2024,97332605.97,82566386.52,3.4531,325,93.34,74343078.01
2020,87261049.83,59904781.18,8.4076,261.275,38.45,53076953.16
2016,37374008.19,38687486.84,5.4126,247.63,51,16778025.78
2024,96912092.91,82668275.58,3.6942,321.386,96.53,66639468.93
2020,73656196.32,49709056.74,7.9794,271.514,45.42,43522635.21
2019,57606104.33,62513358.01,3.7168,262.508,59.69,23447110.38
2018,61360775.19,63132532.01,3.8287,258.543,82.67,20019975.52
2018,60579130.94,59746520.71,4.3143,263.228,71.74,22985781.55
2016,43602230.19,43572757.15,4.5913,245.882,38.96,19294874.97
2013,58452872.34,53601897.21,7.4241,230.353,104.42,33162492.36
2016,45056222.28,44917737.35,4.2315,244.414,45.97,20468186.47
2015,36657723.11,37486308.26,4.8516,235.98,49.94,18311402.41
2019,64518063.75,63156832.92,3.3369,266.981,71.21,26442797.78
2022,62394224.83,65078293.02,3.4896,289.173,103.26,51074136.39
2018,57276817.4,55692712.35,4.1542,261.328,79.57,19773235.62
2016,51139717.78,51733202.06,5.1517,244.349,42.2,23499241.89
2021,70161038.34,58156626.69,5.2755,274.09,64.2,58003381.69
2011,52592514.13,52955786.81,8.6972,220,125,17186793.7
2016,37394217,40956584.04,4.8783,252.595,52.01,19668121.74
2018,50801684.01,54865145.23,3.8481,255.058,64.58,20499156.68
2013,41104300.08,37125802.62,7.2061,231.533,86.27,23267826.56
2018,59320841.38,64259723.91,4.0023,257.159,70.42,24187831.63
2011,43326916.55,47839319.41,8.6173,223.314,105.75,16379736.25
2021,63342006.07,50917519.43,4.9783,278.717,58.16,47059659.7
2020,84599442.91,53546956.16,7.7926,269.129,36.37,51568943.7
2018,59349952.92,61258405.16,4.0585,251.987,59.56,24658621.24
2020,83825369.07,56787453.73,8.2892,262.925,40.69,49056842.2
2020,67257438.63,48793690.89,8.1098,267.762,39.91,45907578.91
2013,50600268.4,42639921.29,6.9717,226.575,112.94,26881828.53
2024,94775635.05,75794368,4.166,318.904,84.23,69899729.67
2015,36956686.38,37652670.54,5.4347,243.472,54.23,19372092.83
2017,50040274.51,45656104.94,4.2281,250.262,57.13,19229980.97
2017,61314545.96,58156243.23,4.3182,252.433,55.44,25070113.69
2011,57854489.33,53953085.99,8.8037,228.604,125,17149811.82
2011,58634531.19,56877651.44,8.5639,228.002,122.46,18237832.89
2013,38775137.81,37120229.63,7.3135,234.427,96.55,23701275.02
2020,78624879.09,51673476.97,7.6604,272.652,35,48512403.1
2021,64025006.86,54977793.64,5.6145,278.611,66.16,59025580.52
2022,57554315.91,54991800.22,3.404,294.898,103.34,46905955.96
2024,91062150.89,78419100.83,3.9105,318.995,64.37,64246592.77
2011,57864371.04,57977943.43,8.8315,222.62,125,18671188.51
2024,96496927.91,78719366.4,4.4535,322.473,80.81,73298404.4
2011,50440171.46,50511573.23,8.1759,230.313,106.9,16049070.1
2023,80511357.58,72932805.5,3.6533,309.378,80.13,63400797.61
2021,70872185.44,56661341.55,5.499,280.953,55.18,62912406.62
2018,56219752.72,54108675.77,3.8861,256.532,80.04,23747726.17
2020,80399386.05,50545981.54,7.5118,272.925,39.28,50298140.92
2017,67988227.87,64177699.94,4.2323,249.814,49.76,30010436.28
2012,53847026.94,47299018.5,7.5888,232.338,93.01,25645652.84
2017,65443082.97,59983953.87,4.6491,259.56,55.24,28350666.08
2011,55504837.53,56213593.35,8.4698,226.359,110.11,19366794.85
2016,43680434,47923781.64,5.0768,248.33,48,23871582.52
2022,60340496.21,60435703.27,4.4096,295.646,93.41,47347502.35
2022,60513032.82,63106740.7,3.6978,291.753,92.95,48432165.05
2024,87413007.55,70522317.9,4.0556,316.78,79.61,59691606.32
2017,51482764.49,50741928.93,4.1846,250.682,54.02,22307257.59
2024,94801654.29,83998666.53,4.0854,313.624,99.45,75122840.17
2012,48878665.26,43444567.15,8.0659,229.688,86.49,21641235.34
2015,44929818.14,43770105.53,5.0371,243.796,53.34,26461720.32
2021,69115917.3,59880823.73,5.6044,276.587,77.24,64578339.03
2022,64511664.9,69355513.14,4.118,299.777,85.05,58385104.2
2011,52989469.38,52808910.74,8.8675,227.126,113.85,19441235.83
2023,59095330.54,56209369.03,3.6316,309.886,75.85,48539865.46
2018,62515196.45,62954131.01,4.1744,260.402,75.67,25879272.93
2020,85399265.47,59947535.32,8.6348,270.725,43.98,44500273.23
2017,57134068.49,54288603.82,4.7375,251.415,46.94,25571105.01
2023,86851052.92,87759603.43,3.6124,305.304,94.95,66041555.6
2011,48921476.96,47798005.86,8.6983,220,107.03,15938599.43
2012,49727973.03,42160550.17,8.0995,228.452,110.44,21352538.95
2017,52879526.3,50006940.4,4.8323,248.825,52.32,23173868.56
2018,70542894.08,72974049.32,3.9062,260.907,57.84,26287489.83
2024,101085117.9,85658039.14,3.6053,313.652,83.78,74004729.31
2020,73751631.22,52265330.15,7.7975,268.063,47.25,43991427.85
2014,39574371.16,43962255.59,6.3259,238.425,92.5,22542917.68
2017,62863124.41,62568861.75,4.7604,257.444,53.91,26039057.15
2012,41075439.98,34217664.83,8.1399,225.288,115.03,18996622.14
2015,51056000.06,48176382.04,5.5086,238.276,53.88,21454042.66
2020,82768727.41,55197692.67,7.9343,266.871,40.6,52601932.49
2024,108715507.3,91289982.6,4.0535,325,77.36,78400590.39
2018,46984898.46,48018929.59,3.6338,258.928,72.67,19331314.34
2022,62845746.41,60238351.07,4.3549,293.271,114.88,49501498.05
2020,84603401.9,54054689.31,8.0039,269.304,39.87,48715804.82
2022,60153251.44,60750009.81,3.5049,294.11,107.34,52835272.23
2019,63394877.03,62533051.7,3.6366,261.147,70.08,22320906.53
2012,56773266.09,53185757.08,7.7395,229.218,114.44,25044908.02
2021,65928929.63,58299497.31,6.0762,280.215,69.48,60740926.86
2022,66142312.74,71441065.25,4.2696,295.986,109.03,54072794.2
2012,52978500.03,44230893.55,7.6677,231.823,110.94,25634686.75
2013,46184367.08,43002956.22,7.4315,235.931,120.97,29645584.32
2014,30000000,37768680.99,5.6274,235.145,106.56,19238708.92
2020,90139077.4,63106082.86,8.1909,266.12,39.33,55968597.39
2013,55024698.05,52477203.13,7.9075,227.785,112.4,30390643.55
2017,72931903.8,66383743.1,4.2776,252.005,56.82,30451534.91
2014,43541111.48,43854521.02,6.4766,237.097,99.72,23656272.34
2022,75832681.38,73712957.31,3.2639,292.134,111.87,60236366.54
2018,50435624.3,51329335.86,3.5845,257.983,74.58,18122934.17
2022,61265157.76,62358626.46,3.4308,292.837,98.51,57078228.11
2011,47056321.44,50417159.1,8.609,225.275,123.43,17814470.97
2016,41044757.45,45037763.26,4.8555,247.435,48.41,22085759.73
2018,56703776.45,54050443.1,4.2157,255.152,74.9,22426393.46
2019,47862899.76,49282743.09,3.4491,266.366,68.18,19352957.18
2018,60583643.62,58939942.91,3.887,256.814,62.95,24042990.77
2016,35215202.31,37505259.75,4.907,249.298,44.47,20002455.88
2020,80105548.16,53480281.57,8.0951,265.247,35.41,48334163.8
2012,46013983.34,37229488.44,8.4733,232.885,111.69,21705001.44
2023,74185018.83,72087608.33,3.7514,309.546,70.27,60123903.35
2015,38931510.1,42883262.54,5.2153,235.22,65.75,23385182.6
2017,59002129.94,57792777.79,4.4672,252.089,43.95,24437873.17
2018,56882447.96,60045823.82,3.0599,256.877,60.19,23026833.29
2020,71666035.61,47814048.87,8.3417,268.664,45.74,40877282.14
2016,43677370.48,44884467.08,4.5595,244.404,39.79,20910377.9
2024,75711673.84,63173165.16,3.8362,317.656,90.44,61818242.77
2018,58090371.08,58150841.59,3.9173,254.088,84.96,22689838.02
2013,43986224.08,41469172.98,6.9728,235.723,90.43,24143531.62
2015,38658065.16,39251857.16,5.4872,240.428,52.68,20917873.3
2012,49487136.2,42383492.65,8.7889,227.069,125,23606762.62
2022,63949950.99,65925759.15,3.4474,292.794,122.45,55771088.41
2017,58114374.9,58179371,4.6036,259.55,57.98,24242336.59
2012,46152956.84,43119638.16,8.0622,228.753,83.5,22532222.73
2019,55602146.8,56469896.13,3.3196,257.522,70.31,23015480.18
2015,47568130.35,44608667.87,5.5906,246.847,67.13,17874287.45
2017,56690806.89,54422077.58,4.4768,253.445,57.08,23663599.22
2016,33854578.87,38221830.56,5.1195,248.794,37.49,20021584.03
2017,53629105.26,50593584,4.3262,253.347,51.68,23339464.03
2013,45284342.6,44555502.93,8.1178,234.737,90.86,28294759.09
2012,51147865.09,44929125.08,8.4397,228.2,109.02,25156054.06
2015,48430727.27,51136407.71,5.8732,243.116,48.97,23816717.24
2016,44844338.4,46650841.29,5.2756,255.657,38.58,22019472.06
2018,63687266.64,63367145.47,3.7475,256.488,71.91,27667357.11
2022,66410660.25,64603166.69,4.0569,291.957,104.49,55736032.43
2024,71860302.43,65343116.93,3.9631,317.222,76.43,58205822.88
2021,59418487.5,47344441.23,5.4178,275.412,77.24,55016721.01
2024,101986347.8,83498833.97,4.1991,322.951,89.31,69242291.63
2014,48221911.04,50621990.06,6.3689,238.797,90.72,23885616.74
2022,60284550.74,65522525.09,3.8282,297.807,97.51,58801515.79
2014,38491116.87,42098427.28,5.781,232.218,88.13,22095331.46
2022,56187610.36,57709698.44,4.1904,292.132,88.62,48573989.93
2016,46469527.65,47009768.91,4.6585,252.606,35.11,23107365.89
2014,39930339.97,48164667.31,6.1958,232.027,95.23,23821369.83
2011,60305176.14,56067770.25,9.3421,224.304,124.67,18299377.1
2014,45969513.18,48685181.05,6.0294,231.001,76.34,22412403.98
2018,58559315.27,57887314.01,3.999,255.677,73.52,21549403.32
2013,43498174.55,39953719.99,7.695,235.586,105.2,23200945.12
2018,58267205.79,58695894.2,3.9536,256.291,56.9,24083703.21
2017,60282910.38,55508218.75,4.2679,251.507,55.6,24188877.31
2014,39397220.57,46609075.66,6.5585,239.785,100.78,24009053.19
2022,62725006.56,62620515.86,3.5393,293.7,85.71,52730894.39
2021,69253772.88,57565056.22,5.3779,277.191,68.01,64485023.98
2014,41437705.46,46726686.05,5.9418,235.688,113.3,22363291.66
2020,81132139.9,53013466.79,8.0781,264.187,43.63,48744002.59
2011,45434895.29,45397437.45,9.5223,224.73,107.14,13677806.07
2013,41083897.59,34354624.68,7.7277,237.358,101.19,21430303.96
2011,52412768.22,52192808.81,8.6244,226.468,94.31,14777823.69
2023,71037829.39,68476875.79,3.9203,306.081,92.33,57869807.37
2014,41410183.5,43060211.16,5.9935,234.922,107.61,24241438.28
2017,53262688.24,48525432.49,4.5173,252.357,62.13,22476348.38
2022,59112614.94,58905092.3,4.2591,296.057,87.36,46368493.42
2015,47794388.49,48460730.5,5.7738,243.029,58.97,24671454.5
2013,38644138.42,39379893.13,7.3725,231.967,100.62,23995884.23
2014,45518100.74,53028368.79,6.3474,234.01,110.89,29543600.65
2013,38716940.38,38262009.27,7.274,229.974,105.94,23732289.33
2017,64755665.12,58199528.07,4.7489,251.765,54.18,26918844.56
2016,39048439.67,42615176.73,5.1918,248.141,40.58,20281103.37
2022,61753445.74,63874493.02,3.8675,289.751,94.81,55211672.1
2012,47044147.66,39186431.73,7.8807,224.718,95.17,20365325.34
2017,59181131.11,55997833.42,4.5331,248.717,60.36,24516660.24
2015,45904407.54,52609608.03,5.1807,245.214,44.64,22830439.77
2013,41023682.6,39577659.1,7.5058,231.222,95.31,25382595.24
2022,55946336.55,57360473.37,4.3043,293.92,106.94,52978353.42
2019,65754904.56,64892569.31,3.6131,262.418,61.58,23817285.81
2023,67027278.76,60195741.81,3.8468,307.549,83.23,55007720.79
2023,77320918.47,72084781.86,3.5026,304.55,88.77,58488048.03
2013,43165366.52,39412029.32,7.4879,234.35,118.78,25369409.79
2019,61083381.17,61607694.88,3.5325,258.15,68.56,22065912.08
2021,74857677.97,62099421.43,5.0003,282.661,78.02,62687727.34
2013,51698571.76,46431919.76,7.3112,231.725,115.34,31009231.25
2016,42392388.81,47409248.15,5.0429,246.357,51.34,20527903.17
2022,74428278.35,78077111.52,3.5097,295.971,99.78,63281762.32
2024,104602265.3,90736894.59,4.1919,319.414,76.24,80613108.69
2024,95379719.64,79365305.9,4.228,317.394,95.12,72368469.77
2015,50522528.66,54157083.88,5.067,243.221,49.76,26589917.37
2015,43474280.15,45323884.3,5.1094,235.132,43.24,21577358.35
2011,51733257.61,52320951.67,8.5966,223.341,113.11,17644214.36
2019,64216891.93,61091990.12,3.6019,263.078,70.64,23408126.52
2015,42623107.03,41236308.82,5.3545,239.811,53.88,21072358.41
2018,70210806.67,74590250.78,4.1067,256.882,68.78,27383316.86
2011,54158822.99,57343743.83,8.664,221.718,99.27,20137953.98
2011,45721104.54,47388347.15,9.4309,221.769,107.61,15310361.35
2021,62364550.94,52577305.2,5.5475,282.842,65.86,58171894.06
2021,75735052.74,59169237.11,5.2543,276.512,76.68,63887844.22
2017,54879838.91,53336693.68,4.6609,248.133,51.1,23288705.76
2013,50436717.49,46126498.24,7.0476,239.393,115.39,28362214.99
2015,44194213.34,49029287.53,5.7805,240.502,56.09,25455113.36
2015,47380295.17,43600401.82,5.0174,243.074,55.4,21025034.8
2014,36761591.15,41841054.95,6.6984,237.125,100.76,23514339.84
2019,64227393.41,60495586.09,3.6037,266.109,63.51,21732702.24
2012,48154229.32,36786601.2,8.7275,231.165,125,22192901.92
2011,57052299.78,58552751.92,9.5672,223.081,106.92,19154636.49
2022,63899170.74,68995416.21,4.1101,293.182,87.48,56889592.98
2023,79340252.95,75680964.76,3.6395,307.941,78.68,65564546.6
2011,52078432,55136842.25,8.6104,227.282,105.32,17529724.58
2024,93756508.17,80754229.15,3.4941,320.071,94.42,73569826.85
2024,96891111.51,79129042.7,4.1802,321.57,85.25,79573345.1
2021,66959079.83,50020837.77,5.3462,279.66,59.48,56595442.11
2020,87206870.74,58324908.71,7.8834,266.791,47.65,54667284.71
2017,57190867.24,54302474.27,3.8392,245.748,62.38,29052805.37
2015,37747919.46,36465954.15,5.1845,244.503,64.75,17788477.38
2011,49406463.67,53725631.59,9.0648,228.454,108.38,15941073.88
2024,106889840.1,92418479.08,3.9337,321.659,59.26,80488376.88
2011,47635121.5,48675652.31,9.0002,228.034,115.16,16964463.91
2024,101085082.1,84105465.38,4.0177,320.31,71.61,76624689.52
2012,54238221.12,48061990.67,8.4339,220,124.63,23451284.72
2019,60357304.77,57321353.78,3.385,262.562,54.52,23059005.53
2021,63482058.18,47874264.89,5.8622,276.652,79.29,54323927.27
2021,72331319.55,60011957.39,5.6896,274.072,78.11,67689882.61
2024,93427017.55,80913962.33,4.1561,323.323,74.41,70997597.86
2013,50810393.47,47728544.64,7.2167,237.873,113.03,28283698.75
2015,41876868.1,43084989.68,5.5043,246.861,46.74,21214473.64
2019,63523540.05,61450814.93,3.8409,265.556,59.5,22924407.35
2020,72371769.23,51824360.76,8.4724,263.61,39.82,39687752.32
2018,72462377.69,74016103.79,3.7369,249.108,67.58,30064067.12
2014,45628671.11,46628349.02,6.0166,236.108,112.4,23914445.13
2015,46357416.68,47633305.3,5.749,241.939,44.98,24017647.97
2014,43553396.49,49517294.93,6.0023,234.913,101.96,24861894.02
2014,35467749.07,38556923.01,6.4234,237.73,99.18,19959890.48
2024,83367489.68,73741438.54,4.5349,318.98,66.47,56286317.22
2017,58701846.62,58668511.89,4.2949,249.346,51.89,26880865.83
2015,45481914.29,42579536.58,5.3349,252.558,52.16,24610660.07
2013,40466912.24,36109258.1,7.2702,231.837,105.65,25054231.38
2019,54626180.63,58115697.75,3.3133,263.799,69.87,22872188.37
2016,45971618.37,52720196.64,5.0068,250.253,45.88,21764324.37
2018,53638515.63,55592794.77,3.4941,258.856,63.46,21754099.69
2016,45109292.27,48280299.59,5.1887,246.656,47.38,24466648.12
2020,69904228.25,41925496.85,7.8653,265.491,48.91,40492236.62
2012,50732526.84,47562650.22,7.7795,227.747,125,24963001.93
2011,56796758.73,52777355.84,9.3486,222.039,108.65,17826205.86
2012,58850984.83,50722911.19,8.8982,229.794,109.34,24418458.67
2024,103672442.1,85358754.24,3.756,317.955,73.72,75312990.74
2024,83078217.43,75649620.76,4.1467,318.074,68.57,61355798.11
2011,56399895.29,60168770.17,8.4547,224.47,94.28,18972165.46
2011,47365622.14,44620502.1,9.643,220,123.7,15255742.22
2013,42932174.83,38671964.46,7.1743,232.049,96.69,24620728.35
2014,38125242.32,47468034.22,5.8807,239.625,82.82,21627982.27
2022,63978702.21,62703133.07,3.8383,297.89,96.71,56414932.27
2022,58100531.65,62936735.38,4.0614,292.662,107.35,47703536.97
2011,49642620.58,51716818.06,9.058,222.729,96.1,17114207.5
2011,55233203.39,54098926.49,8.853,223.167,99.7,19388571.38
2014,41256600.5,45513555.98,5.9362,231.124,77.77,22302635.36
2012,51087310.07,45078588.24,7.5775,226.159,125,22340213.7
2013,45575689.17,41784117.13,7.2983,225.928,116.07,26043213.8
2014,49329736.27,54063980.46,5.5948,242.195,100.6,27213168.58
2013,51364952.3,47460652.14,7.0037,230.321,108.25,27947634.89
2021,68865999.32,53875749.96,5.0594,279.628,80.82,60894371.2
2011,46907901.09,51813242.89,9.2463,224.775,107.41,17544167.83
2014,40412397.43,49113582,6.0446,232.523,101.7,23159684.39
2021,61563701.29,54927912.01,5.6285,279.663,72.22,55895960.35
2017,65346755.22,60999460.35,5.0279,253.173,52.56,27616416.25
2017,58063581.41,58056600.53,4.2359,252.103,49.27,23477780.32
2014,48795020.54,50064712.22,6.4935,242.732,106.82,25796560.53
2020,75282227.14,50924669.48,8.3182,274.132,39.57,42934992.11
2023,76170765.9,73345827.91,3.5679,304.594,86.83,55654649.56
2017,62464222.9,58199818.29,4.5269,250.555,57.12,27000367.02
2014,42637127.28,45335353.92,6.2778,236.08,122.98,25050530.08
2021,55288132.03,46934177.43,5.4309,277.118,66.87,49310421.6
2017,48975925.83,43278044.99,3.9276,252.954,63.64,21426255.65
2016,49188342.39,49883894.32,5.126,243.808,50.96,21754119.76
2012,53244528.36,47472782.07,7.6079,227.927,125,27280928.91
2017,71935486.52,73265285.21,4.5645,251.597,49.21,29742808.65
2013,44936747.65,42509614.17,7.0548,232.455,105.85,28148988.47
2012,54398708.07,46806490.31,8.1646,224.563,125,25874268.78
2018,60166102.03,63756012.22,4.1738,261.424,82.88,21944312.36
2016,43240910.64,46941309.62,5.1118,248.384,41.79,20613031.22
2024,91248515.92,74201671.15,3.8529,316.928,68.93,68268259.33
2011,50997023.33,46842319.07,8.4932,226.12,114.92,15283406.94
2023,73857680.86,68560297.62,2.8312,309.597,65.59,59682885.22
2012,52512162.06,44495208.37,8.433,228.366,99.34,22284608.15
2017,56815306.56,56041068.34,4.2368,251.515,38.3,21658510.97
2017,51034307.53,49188751.23,4.3346,250.557,60.4,22232669.93
2013,45123636.12,41557235.1,7.6293,237.896,123.55,26388297.11
2020,79699291.21,55601356.34,7.7813,262.286,35,57326040.41
2017,56332990.56,53116010.27,4.0724,247.042,50.6,24363947.42
2014,49225188.03,53645877.99,6.8961,240.218,84.75,27192704.33
2016,36790849.35,39939049.72,4.2741,237.323,35.37,18895063.6
2018,56776022.73,56763971.41,3.4742,256.677,75.41,23847560.88
2022,70954627.54,73100525.94,3.0968,293.271,91.27,67906570.11
2021,71316162.67,59596615.44,5.315,271.775,76.03,56210451.1
2022,62211089.13,64485104.04,3.3542,295.934,99.47,51559617.51
2013,44381130.89,41693156.28,6.9272,232.123,105.12,23265263.27
2013,52293650.35,50216794.72,7.4094,231.829,112.14,32729907.41
2012,43100111.89,36605171.93,7.8737,226.663,110.97,18202789.45
2015,42248795.41,42628096.37,4.822,237.167,53.02,21125152.83
2023,82226150.12,80443812.68,3.5579,307.627,81.65,66610848.51
2024,103322424.3,87248189.24,4.0332,317.651,73.14,79665337.69
2019,56738068.13,57396015.9,3.9463,261.144,80.6,22648135.59
2017,60660155.81,58663662.83,4.5713,251.29,62.7,25033021.7
2018,60904247.6,62548667.14,4.0384,256.987,56.95,23513383.34
2012,56229067.55,50322167.6,8.0786,230.509,125,27506883.57
2011,54918836.45,52214011.24,9.3202,226.475,97.3,17575082.88
2022,55119244.12,57069744.66,3.525,297.115,92.93,52020712.77
2020,78088222.79,50363656.02,8.7345,266.949,47.74,40832546.87
2018,58306506.65,62108096.48,3.668,257.876,48.48,22755444.28
2017,58384093.48,56479555.91,5.3475,256.675,57.28,23547645.29
2015,53876835.51,54599886.22,5.267,243.939,54.05,27003090.42
2020,77792517.25,51770059.39,8.2839,269.126,42.32,43206742.89
2014,47254111.86,49142334.98,5.9748,239.877,109.41,24693277.61
2018,61611909.3,57912526.18,3.9237,259.663,65.62,22576815.1
2018,53403503.21,55699545.27,4.1281,248.44,71.68,23415782.66
2016,49467166.12,51760690.01,4.7945,250.144,42.76,24560095.85
2012,46724334.53,41905986.06,8.5386,228.246,125,22686645.85
2014,50337831.57,54747248.61,6.7002,242.142,111.43,27555492.62
2024,75633922.55,65427762.09,4.0931,319.124,77.38,55668703.41
2013,46348565.01,39970707.96,6.7645,228.703,111.39,28597355.07
2015,50683014.12,48205719,5.1398,241.426,39.46,24816519.05
2018,49979810.33,52451208.95,3.7323,258.538,68.45,20183077.1
2024,88038493.51,75879039.1,4.0994,317.671,99.29,71069559
2017,55913073.88,57423725.01,4.4475,249.798,53.47,23480803.59
2020,65106799.72,46704846.04,8.083,263.667,42.12,41349263.49
2012,54989310.57,48968011.26,8.7766,223.806,121.35,26662986.55
2020,91676572.58,60671395.89,7.5558,269.18,35,50867587.11
2022,63045528.51,64705825.31,3.8581,293.334,103.21,56825794.9
2020,85165660.34,59438006.59,8.2143,270.368,40.56,55032992.85
2022,62355023.5,64832750.9,2.6405,292.267,96.56,52555218.1
2018,52851360.86,57218109.92,4.1985,257.796,60.01,23203810.39
2018,59354163.06,60728706.29,3.7348,264.281,69.23,22891771.04
2022,62991685.38,69375767.21,3.8985,293.908,80.91,55539279.59
2019,60541740.34,55668871,3.7271,265.662,72.53,24072214.85
2012,47588595.96,41162991.32,8.0304,232.083,125,20583878.16
2012,46792510.47,39146232.37,7.7936,231.987,100.62,19173597.72
2013,45523170.18,43960457.77,8.0059,238.023,120.59,27099632.97
2017,54770176.33,50326691.59,5.0699,252.229,67.89,24267232.48
2021,65419354.34,54478747.27,5.257,274.336,74.65,55946853.64
2022,61312993.49,66269715.28,4.1016,287.335,102.59,56805975.47
2017,56411951.58,54767243.7,4.1825,255.933,58.14,23239545.51
2022,66565443.6,64019541.22,3.1097,294.526,100.13,56938060.1
2012,51079587.64,42442167.79,7.8201,230.623,124.28,22155405
2015,49752893.33,47883608.76,5.137,247.41,49.98,22968457.53
2021,69636513.67,55893340.33,5.3946,278.771,66.97,59989993.22
2022,62081746.79,68961356.42,3.4116,295.02,105.8,55830024.49
2015,39804867.19,40004052.11,5.6271,245.39,61.4,20009263.42
2014,39490337.71,49301455.83,6.3847,238.539,103.6,24221696.88
2024,96323400.26,87777497.91,4.3782,318.101,87,70412619.28
2014,38219769.78,46382718.52,6.5607,236.012,69.26,24243516.93
2012,46346446.29,43933525.76,8.1554,229.208,116.37,23746772.14
2018,65547280.33,67224485.38,3.5052,257.545,64.94,26557737.53
2016,44613978.36,46510275.58,4.6761,247.259,37.83,21264845.14
2017,66353271.7,57276663.08,3.9933,251.561,44.08,27730827.85
2019,62678063.65,62857010.94,3.8082,267.332,59.54,23874844.59
2016,37491077.39,38437946.4,4.6539,248.685,43.53,17402202.1
2013,34725316.15,34228720.48,7.4531,237.553,104.76,22836611.85
2020,85062948.55,59312715.07,7.8812,267.834,42.68,48816071.92
2018,65960613.1,65016310.36,4.1948,259.11,66.08,26313318.42
2017,58422442.99,59673670.19,4.2835,249.899,57.89,24993089.37
2018,61908458.77,62998687.69,3.9575,260,77.27,22454698.46
2018,54786851.53,61043913.1,4.2951,260.102,59.35,20769825.11
2020,61452206.73,39615798,7.8467,264.703,40.4,38464063.05
2014,49453709.79,49609575.62,6.1388,240.405,65.9,27082743.42
2011,54679404.57,52649775.6,8.864,223.13,125,18870107.96
2021,56535210.84,47802441,5.5404,271.041,67.97,44628935.72
2013,48953237.02,44619031.84,7.5187,233.306,100.22,28014870.41
2021,70020266.22,57667089.51,5.2639,276.9,79.61,65099903.61
2016,41349767.89,45069692.74,5.0264,247.505,48.66,21476549.69
2017,57233904.62,53899330.85,4.3829,250.762,51.2,22436616.35
2012,59581519.65,51485697.34,8.9041,226.296,123.4,25328091.9
2024,74626015.14,63561306.6,4.0276,321.055,87.02,55919094.65
2020,83999004.23,60327530.61,7.4176,267.704,35.86,45272820.45
2014,40866248.31,46324988.55,6.189,236.086,85.26,24234009.06
2023,67912957.28,64158839.56,3.3377,306.732,73.77,53513566.42
2013,48411722.35,43436163.34,7.6603,237.231,109.1,27168989.65
2013,36917896.08,34943333.91,7.5686,231.6,114.24,21797613.57
2019,62796531.81,68577470.43,3.8029,261.872,66.03,24444772.65
2016,46535971.89,50366049.88,5.1476,250.666,41.44,23700767.56
2011,51922778.36,52199672.09,8.9358,220.384,125,16663873.37
2017,53813817.15,51313585.48,3.7542,253.115,61.37,25120512.22
2015,43949447.98,45118223.93,5.4834,244.584,59.98,24425247.86
2016,35036647.33,37318602.7,4.9517,246.478,47.98,17993353.23
2016,42791400.25,47241858.31,4.95,248.385,45,21642239.56
2020,83737942.77,53613510.47,8.4107,269.29,53.18,52750711.33
2022,62093804.12,62933241.23,3.4621,294.636,97.81,54547882.19
2014,33336148.01,40825524.37,6.3652,238.827,97.98,21148712.18
2014,48404392.14,46118663.79,6.1367,246.382,103.49,24175336.29
2016,45934633.94,45450302.6,4.9291,249.725,44.35,19419854.72
2021,67785920.8,55835959.94,5.2316,278.095,59.43,56188319.8
2013,46935043.38,46233832.97,7.3134,233.077,102.72,26328672.27
2022,67582359.22,70072249.13,3.8157,290.9,117.92,59181731.04
2021,58239840.1,48333967.15,6.4017,277.813,73.52,51336051.8
2023,64179220.1,65502940.41,3.6884,307.135,65.4,49927131.45
2018,49875439.76,52422448.82,4.4987,257.935,68.38,22694518.33
2020,68135740.07,46069182.73,8.0356,271.095,37.4,43531583.38
2023,68068703.13,65579457.35,4.0637,306.789,68.35,55111938.14
2011,49805867.13,47775754.25,9.1776,227.944,107.21,15620564.69
2015,46379872.58,52234540.36,5.7697,238.499,67.25,23154446.55
2021,67787368.46,55960186.87,5.3394,276.819,74.4,55686284.16
2016,46833242.28,48949772.96,4.5763,249.185,36.93,22339258.16
2019,61661579.32,61816131.46,3.5415,260.439,70.34,24911664.32
2014,42160330.63,43929109.35,6.5027,241.522,109.44,22869301.94
2018,47365533.93,51680480.24,3.4386,256.057,64.26,17433943.5
2011,53640076.97,54589049.35,8.932,225.589,106.89,18398114.91
2014,47302181.36,50383581.24,6.3814,241.008,108.64,29119932.3
2018,58032357.9,59509909.69,4.3781,253.988,70.88,22465370.79
2017,59393683.53,54888184.24,4.0993,248.318,53.47,26447656.3
2013,38644141.96,40707614.96,7.6555,235.956,86.89,23452585.4
2021,67373866.86,53674965.94,5.5848,272.883,65.59,55987993.84
2013,47862115.79,42129849.24,7.4017,233.48,112.34,30685671.78
2023,61741384.53,57602054.67,3.8954,311.75,96.31,49508803.6
2015,49802700.45,43931148.31,5.1732,240.295,54.94,24190614.66
2014,39210544.35,42107061.94,5.4621,237.192,86.6,22136763.93
2021,64605226.43,50347738.31,5.3026,276.829,78.9,55851955.95
2020,79634897.09,52667794.13,8.3212,270.014,35,50159863.85
2015,43734420.32,42744237.09,6.125,237.513,60.01,21990348.7
2017,67803380.91,60931137.19,4.6715,255.652,55.15,30764279.15
2017,62591751.23,56902374.42,4.3042,252.551,48.94,25986838.29
2020,82040309.14,55485943.58,7.6523,272.562,45.7,47304537.57
2017,48086107.45,45861374.65,4.5743,257.943,47.01,19930211.07
2017,56201721.28,55234175.37,5.4438,250.178,52.54,25070268.78
2018,53811173.37,51580792.52,3.7457,255.064,81.13,19415449.89
2021,79237917.59,64098585.45,4.7267,280.315,67.75,65059418.18
2018,51404854.6,53787080.61,4.2465,254.82,66,18496986.74
2013,49135297.59,46111596.4,6.8176,238.837,87.4,29940349.23
2022,67522971.38,71024786.69,3.0372,287.913,91.31,58121034.77
2015,45000654.97,47371027.45,5.301,245.173,50.53,21950751.83
2017,61523251.96,61202298.28,4.4682,250.927,56.59,23954565.34
2023,62901201.71,61565029.5,3.5535,308.584,90.04,49492517.86
2021,64368577.77,55396916.68,5.0041,273.904,43.5,56539964.76
2019,58489114.94,56086289.46,3.7794,265.796,73.75,24587618.5
2022,53625548.23,52500366.03,3.5112,297.383,102.23,49903499.6
2011,56262796.11,55746610.2,8.905,228.562,125,17481310.68
2014,39090041.17,42729939.36,5.7892,232.904,100.73,21305833.92
2024,94652895.81,87319021.99,3.4209,316.371,74.23,70131772.98
2023,69183706.39,65031284.42,3.3229,309.546,67.14,54536939.03
2017,59833343.77,56987678.6,4.4635,254.587,63.39,24002654.43
2024,91869598.08,79901791.99,3.6459,321.329,85.68,68084377.98
2020,86628723.34,54654765.99,7.951,266.774,44.31,50096480.77
2014,40519527.32,43793943.44,6.4602,240.109,97.8,22942501.19
2011,59746385.79,57387761.98,8.8206,221.672,106.1,18757773.08
2021,66437622.31,54614444.25,5.4086,277.095,61.75,55893352.57
2011,53242847.11,55584251.35,8.4728,226.931,116.27,21222451.65
2021,67060205.86,56065051.72,5.946,274.161,71.49,57641514.31
2018,61118526.03,57357155.35,3.8006,258.22,73.59,20154752.99
2022,61375413.92,60861316.08,3.894,289.956,112.77,51600993.87
2020,74421982.81,51692095.62,7.9043,270.593,40.92,46033672.22
2017,56339741.56,55357755.92,4.425,250.875,54.42,23797483.79
2011,49917003.65,49833680.97,9.1986,223.029,102.64,14663239.89
2018,54232324.65,55998907.31,3.9396,257.709,70.57,20884999.88
2019,62608748.33,62037537.45,3.3376,263.443,58.81,25624386.93
2021,56635054.5,51369014.02,5.8518,278.069,76.07,43786412.39
2023,63550069.54,57266340.98,3.3588,312.943,94.63,46195206.38
2020,89057012.87,56438440.42,8.2773,273.196,37.55,49382122.91
2024,90730182.28,84376272.77,4.5014,311.789,66.49,62686288.1
2012,48592561.44,40925310.5,8.095,233.962,106.5,24329184.37
2012,60172120.03,48689142.66,7.7061,234.037,117.59,24398712.63
2013,39902665.29,35971788.7,7.4673,232.111,89.14,23608905.24
2018,46270919.7,46534675.42,4.3538,260.799,61.66,20056351.81
2022,68925497.27,73488845.17,3.4199,288.663,98.87,60730532.81
2013,47776662.18,44138985.73,7.6156,235.255,106.88,26608171.98
2019,69653631.79,68448082.93,3.461,264.788,57.66,25434538.1
2013,47749219.54,40994761.71,7.5199,234.668,119.74,26716339.15
2024,89491248.63,74700694.68,4.655,322.009,77.99,73668682.34
2024,87911633.84,75794655.62,4.0976,320.35,87.2,66600679.28
2022,63909821.19,69108545.28,3.6472,298.697,68.13,59076646.27
2019,57405298.99,58533084.37,3.403,261.896,62.82,22276616.54
2015,45888718.11,47190278.7,5.3475,243.335,47.99,23542107.47
2016,43506506.41,46784882.36,5.4427,250.798,50.46,23989697.84
2023,75949900.69,73832762,3.2837,309.349,65.77,58510792.04
2016,44456146.26,47600168.39,5.3484,251.821,42.47,21346465.55
2022,60435217.03,60055771.41,3.8388,288.277,107.93,53958837.68
2022,68406726.06,68936070.58,4.1928,299.388,113.03,54757504.8
2019,65132405.19,64702250.68,4.0854,263.852,55.78,22577048.05
2023,76424011.37,75206442.91,3.6452,306.752,77.12,65195648.08
2016,40707182.4,40393961.76,5.3323,254.835,46.11,19459100.1
2015,51316917.86,47550361.59,4.9974,247.086,52.4,23064090.64
2019,64243953.01,66193325.34,3.6054,264.806,63.98,27628856.99
2013,46290383.74,45314449.45,7.2859,235.037,111.03,32046170.26
2016,37234748.23,41913455.3,4.5208,248.734,43.62,20993782.28
2011,51569606.71,50687860.76,8.9418,220,125,17203155.8
2016,37252788.14,41917932.16,5.1276,249.529,39.86,19738947.14
2024,79050743.22,64998521.29,5.095,324.91,80.64,55899973.3
2012,51798258.09,45904231.32,8.3195,231.778,116.57,24950998.16
2020,74527888.53,46816669.95,7.5938,269.895,44.53,42680411.56
2014,42250143.56,46778331.93,5.9349,239.112,98.17,24798481.47
2011,47040035.75,42772569.24,9.0037,224.58,113.99,14653325.65
2023,75967495.39,71662829.43,3.5506,304.197,79.88,62731097.12
2013,45821342.93,44617895.26,7.7095,234.658,104.84,27246401.54
2021,64556695.78,51814870.2,5.5676,275.289,80.6,54241844.55
2019,62916382.13,66370253.95,3.5271,261.408,65.23,24609814.32
2021,61639627.74,54074282.21,5.424,278.919,53.45,47837490.42
2011,51644207.11,52381844.97,8.8601,231.668,115.18,15357995.87
2014,48891616,54653074.98,5.6416,235.516,98.88,27406869.08
2018,60496274.29,58953799.98,3.9278,254.837,71.25,22591347.06
2022,55962461.28,61249315.22,3.7558,292.457,92.77,57160615.62
2012,47920513.31,43899077.6,7.6194,233.673,125,23419238.57
2021,72500168.37,61566992.76,5.7989,277.34,68.86,58784676.16
2012,49830796.71,45982721.07,8.6087,233.86,97.72,23594649.6
2020,76626329.65,52821186.49,7.3786,268.043,35,52433686.8
2012,59310236.65,48859351.71,7.9915,230.192,120.05,27799681.12
2023,59959876.41,58932469.77,3.2192,308.976,83.96,49868645.35
2017,57737307.91,55634896.68,4.4635,250.066,60.89,24456298.44
2023,66324512.07,63314661.98,4.3493,312.382,79.01,53687221.96
2023,74004124.13,69087231.96,4.2267,306.572,96.99,58542221.25
2014,41968081.12,39132371.79,5.4422,241.579,114.18,21345574.13
2013,42722300.58,39141106.47,6.9508,233.927,120.11,22792754.94
2017,67809728.48,63971595.68,4.652,251.013,54.55,29524505.89
2019,66634190.01,66036138.21,3.8722,265.29,59.84,23828159.23
2016,43251123.92,46828228.38,5.0391,245.23,43.05,20974114.72
2014,40094805.21,40697099.06,6.3535,241.546,100.34,20872335.97
2024,93860765.43,82135641.17,3.6239,319.776,79.76,73423498.4
2022,66088965.39,69310076.9,4.0698,294.693,111.2,57493591.97
2014,36740797.28,40737079.2,6.0421,232.744,84.89,22509079.9
2015,41348159.13,44537552.96,5.4737,240.591,65.02,22134795.23
2013,50079105.57,45411997.65,7.8359,236.783,122,30178010.48
2022,55793236.71,61881427.85,4.4808,287.939,107.12,52773089.25
2020,67547864.42,47956646.73,8.7736,261.003,49.55,37951212.99
2013,52440290.92,47997666.26,6.6066,233.505,108.39,29586247.23
2017,54007767.54,53878362.05,5.0253,248.139,55.85,22030097.09
2014,37983248.06,46144753.3,6.8287,238.748,80.19,21145441.13
2021,63309022.2,53348707.38,5.2759,279.537,75.46,57050765.18
2012,49516585.59,45376117.28,7.9335,225.781,112.29,23279593.22
2013,49787543.13,42543852.94,7.9706,228.157,123.29,28152466.82
2020,70671299.56,47165899.39,8.8317,271.026,40.07,46555014.48
2024,87436972.31,76674241.45,4.2502,321.329,75.21,69770034.51
2024,94131272.81,78973025.16,2.989,316.549,80.35,78102461.13
2023,72897563.53,65792966.84,3.1931,304.606,86.63,59706497.67
2012,60600664.81,53470945.05,7.8927,232.426,113.36,25543646.37
2012,52353712.54,46434981.49,7.8754,230.87,111.87,24328214.59
2013,44256605.99,40187330.81,7.2873,229.105,121.4,24674509.48
2015,49083217.67,48065871.11,5.3595,243.624,60.25,24524183.74
2011,46769390.42,46839004.11,8.8081,224.41,103.67,16009836.11
2024,83907474.85,74468988.25,4.1851,314,70.1,62642565.8
2015,50052655.1,53172809.18,5.513,240.062,49.2,24366908.92
2022,57794279.44,54704859.36,3.2593,295.083,107.2,50007471.74
2023,69684294.24,70983761.15,3.1754,310.191,80.27,52637424.63
2017,65988889.48,60458707.11,4.4309,256.797,76.78,27599119.45
2024,94097803.02,82043435.57,3.8131,320.255,74.37,78320869.38
2014,44508660.78,45452274.44,5.7605,238.098,94.72,24875182.71
2012,49526827.51,44807291.3,7.2962,231.514,111.67,24243065.5
2015,47158185.16,47387236.25,5.0028,239.096,47.98,23629184.09
2013,48582461.67,44882557.27,6.7903,233.646,114.81,29231141.19
2014,43339274.26,44201023.86,6.1666,234.018,95.43,22378312.15
2020,81085699.86,54969083.59,8.4951,267.069,45.33,45948382.74
2013,47557002.29,43804780.28,7.976,232.974,109.52,25177930.12
2016,39719621.37,40504669.69,4.4597,248.235,46.75,19150109.67
2015,56570638.74,52020605.28,5.649,248.561,62.06,24911162.81
2018,60098538.39,61056559.31,3.9043,259.088,73.72,20912351.92
2023,69468652.3,67103528.1,3.4283,308.605,96.43,59509328.84
2019,63866433.04,67491494.11,3.4946,267.889,61.39,26898041.01
2020,83354011.07,56816162.23,8.0692,269.448,46.22,49596358.15
2021,63494407.38,53033088.41,5.1981,277.65,80.09,53125221.62
2020,70570130.33,50166250.22,8.035,267.073,45.5,48487602.13
2022,69315539.28,68277314.47,3.2124,291.494,125,57542164.74
2013,39420640.45,44527148.29,7.4263,232.496,111.02,28055851.55
2022,65220690.53,67071269.01,3.2554,293.648,105.22,58792225.64
2017,62547576.57,58410937.62,4.1769,252.199,53.96,25564645.93
2024,95442969.89,83054783.85,3.8385,322.715,84.45,77058080.92
2012,57530930.01,54445986.22,7.86,232.685,123.73,27424652.87
2018,61849859.58,64630276.75,3.2692,254.671,74.17,23791240.22
2015,47214464.32,44141626.8,4.7169,240.697,65.37,22012722.76
2024,90799586.71,79862816.51,4.094,316.73,93.61,67341904.87
2020,78734643.42,53259696.51,7.6115,269.711,35,50795336.22
2023,74619587.81,72813805.94,3.3196,312.225,87.31,66027610.59
2012,50279496.86,43689064.04,7.7776,227.214,101.56,25700674.36
2015,36969575.51,45181711.45,5.4861,244.088,48.66,21777684.68
2023,73368880.31,71873509.48,3.9555,313.691,72.06,57785515.14
2013,49783264.3,41867392.05,7.5556,238.047,118.67,27292489.44
2020,83934288.72,53998423.89,8.215,268.641,49.34,50532326.61
2017,57888692.83,56200071.65,3.9782,247.344,50.61,25414551.6
2015,41270268.91,42366695.65,4.8239,243.655,54.93,24639143.98
2018,60214865.37,63179529.26,3.7404,254.242,57.73,22792904.82
2018,62316294,59120106.01,3.8811,253.453,72.93,24734132.46
2012,46216783.63,41029424.99,7.7253,232.411,113.17,20360500.94
2015,45402582.17,48097976.37,5.0902,242.566,46.93,24484061.1
2016,42500220.27,48907495.89,4.4945,244.753,36.96,20290549.18
2020,66375139.01,45100815.61,7.8961,263.72,41.68,42386442.42
2021,71486209.78,61650343,5.3161,280.131,63.82,61036554.67
2015,42458182.42,45683183.22,5.4072,246.326,50.16,22483986.44
2021,65419282.92,53167625.73,5.3946,278.161,77.25,58798427.33
2013,39587843.41,35800203.85,7.4544,234.932,119.71,24425792.23
2019,45951492.97,49421173.46,3.8498,253.868,62.47,19031826.24
2017,68506970.36,65205851.13,3.8616,249.661,52.68,26762121.96
2013,46770269.76,44019670.35,7.1765,231.211,124.59,30188276.85
2017,48466474.7,46567776.35,3.5942,251.443,49.11,23332480.19
2020,65231876.94,43594601.75,8.5405,265.456,44.75,41453001.05
2023,71647124.84,64724590.68,3.9622,307.171,73.71,54688568.8
2018,63432229.67,63657273,4.0753,258.619,75.66,22950764.54
2024,113436293.6,100834634.6,3.8276,317.552,67.47,87627411.26
2012,50309512.52,40414465.32,8.0057,231.537,119.92,23814277.18
2021,65828409.42,56268789.78,5.2696,280.487,53.3,53312870.17
2013,42320359.07,42036204.96,6.7221,237.723,115.57,29128977.95
2020,72248799.71,47867718.31,8.0591,270.666,46.04,42856700.45
2022,57630192.26,61704004.36,4.2474,292.592,102.76,50461791.82
2022,50776461.62,51677099.48,4.1565,289.587,108.94,46116241.21
2017,59028808.93,55327202.15,4.2492,254.569,55.74,25118001.84
2013,43146782.04,39748133.56,7.4996,234.552,125,24578114.07
2018,51527563.62,56394470.82,3.9743,260.075,77.2,22604835.82
2023,71243699.47,68372722.99,3.7351,304.235,78.11,54752593.49
2024,88067918.88,75249588.03,3.6413,315.832,84.15,72672143.81
2019,58584152.8,55322488.11,3.7232,262.77,66.09,22556433.52
2022,71696190.77,73634156.02,4.0237,301.888,115.84,59830072.29
2015,48576728.78,48068172.76,4.7111,241.509,53.43,23782520.01
2012,55536242.97,46266837.01,8.297,228.56,120.84,25323644.58
2022,68764118.45,69575285.64,4.0397,302.395,69.3,53969102.79
2015,37990472.05,38521165.16,4.9522,241.426,46.33,21034896.12
2013,44634154.59,43015586.86,7.4221,232.11,100.65,24277523.32
2011,55105582.53,52878125.62,8.8785,228.108,121.59,17690739.02
2018,55864151.29,57164942.89,4.0256,255.467,68.23,21825885.49
2018,54339847.88,53295541.01,4.3936,253.144,82.12,20150377.49
2016,39947388.05,44152919.23,4.8786,248.91,50.7,18959610.36
2015,56176309.31,51834225.08,5.0726,244.372,49.64,26230453.58
2021,68793133.59,56972483.25,5.6432,276.69,73.23,52202337.47
2020,87932803.48,58380730.33,8.3629,270.75,45.28,47872203.02
2014,46259881.52,52974288.02,6.5865,232.939,107.97,26632939.11
2013,43039245.85,39697067.66,6.808,236.13,111.94,28076396.74
2021,56346983.63,48084417.68,5.4645,276.241,74.43,51756561.98
2024,78229576.08,69793290.43,4.1172,320.679,63.7,59308006.69
2018,65608610.51,73744957.34,4.3001,259.642,61.71,27869920.45
2018,56234701.22,58255834.42,4.2797,267.114,74.24,23232442.81
2023,65899313.78,64662547.08,3.351,308.143,76.3,58965576.2
2016,44437121.1,46143643.32,5.1069,245.901,42.28,22088350.38
2019,66956418.44,68216018.87,3.4037,259.311,78.15,26259903.06
2011,50961468.91,51163092.4,8.8484,226.322,98.68,15998772.16
2015,48663435.61,50328130.66,4.8565,236.754,68.58,25690357.13
2019,61862775.46,58262867.77,3.748,266.994,64.69,21070929.88
2012,41501426.72,35456285.62,8.0371,227.855,111.74,18269930.84
2019,46482537.36,49023870.12,3.5531,262.551,70.16,17865596.24
2024,97398498.98,85565712.56,4.8402,319.79,86.26,72280208.3
2012,46522288.89,38614270.31,8.0392,236.285,112.6,22166076.73
2018,67446270.21,70477799.33,3.8997,257.497,76.31,22320386.5
2021,69329361.84,57790616.38,5.4258,277.802,66.86,52181553.95
2024,94828320.63,84172609.58,3.8967,321.627,76.13,66729034.48
2021,61520637.72,49426389.15,5.596,273.524,75.86,51248990.96
2020,65644267.05,46209343.83,8.3719,266.668,45.29,44808372.28
2011,62068517.11,60036348.38,8.8827,220.4,105.09,21184650.6
2022,60753868.57,65832147.25,3.0526,297.098,89.1,50601498.79
2022,58671707.77,60728909.07,3.6114,294.19,108.75,52331254.37
2012,50900950.2,44379357.28,7.9953,239.311,115.87,25420572.7
2015,38345729.05,36294418.93,5.8542,241.249,60,19617533.04
2017,47238776.64,46137514.38,3.8977,258.807,55.48,22315431.59
2012,63797051.98,51803185.89,7.6074,233.679,120.52,24760919.64
2016,40027286.06,41634423.86,4.5132,248.864,35,20711133.26
2016,38804464.74,44841475.9,5.031,250.609,35,20766648
2017,55243008.27,54316830.53,5.3082,250.237,58.02,23165689.76
2019,57195416.74,59596828.38,3.3938,261.817,72.01,22067820.15
2016,42721155.43,42039517.3,4.8585,244.762,46.64,18860572.88
2020,74752748.72,47860729.6,8.518,269.734,47.96,48443021.89
2012,50582128.77,45561839.62,8.0664,227.212,110.56,23103881.59
2012,54484422.4,47325698.43,7.9255,226.713,114.27,24455738.16
2013,47826834.33,42445288.1,7.1696,230.737,107.08,25979272.14
2020,78072087.47,52074330.05,8.7528,271.152,42.46,47355349.99
2024,78135030.26,67751636.41,3.7891,319.416,76.7,56412075.58
2020,71197177.83,47390575.82,8.7083,271.658,40.15,39082557.53
2013,41625484.06,41101046.26,7.7234,232.786,94.2,25981016
2017,62412447.5,58069681.22,4.5475,255.849,51.23,25388902.41
2016,46530336.29,47091586.54,4.4453,247.208,39,21639120.31
2014,43314033.08,46261149.32,6.3448,236.386,92.65,24752351.29
2011,53263186.18,55508612.99,8.6231,226.302,94.34,20645768.65
2023,86486521.78,84510487.96,3.6175,305.259,101.53,70924709.14
2012,52246314.53,42669715.57,7.6605,231.949,124.39,22001355.67
2011,52474377.4,50963288.16,8.5809,229.609,116.99,16581278.85
2016,50543190.49,54115209.32,4.4737,255.666,40.92,24443596.29
2016,35354332.68,39413494.31,5.0247,251.985,36.26,17540157.33
2024,99076453.09,85093191.8,3.9473,317.656,94.24,82553944.54
2020,82572567.02,53726848.61,8.1784,271.964,36.55,45698890.72
2015,43960797.77,44801817.74,5.1148,234.319,49.43,24039151
2023,75003310.6,69155958.07,4.0699,302.053,99.56,54851264.07
2012,54604642.98,50217285.12,7.8312,226.194,125,24626002.67
2022,60160522.03,64151375.99,3.7156,290.793,102.45,53611150.14
2021,52082699.97,39619777.8,5.0583,280.564,79.09,44063722.8
2023,72208175.19,70835412.25,3.7047,309.455,77.75,56608682.06
2012,51978838.73,40623515.49,7.7712,230.161,116,22773572.51
2016,42087828.69,41700131.72,5.2118,247.421,46.65,21728151.2
2018,52664452.76,49201676.59,3.9297,256.641,73.87,19942868.91
2013,40733068.32,43022771.76,7.5245,232.403,100.8,32621876.41
2022,50428612.35,51184798.51,3.8419,291.558,93.28,52263116.76
2012,43258035.97,35884770.74,7.5024,229.424,113.01,19910428.75
2018,52899064.33,57818882.38,3.8561,260.198,64.83,21768527.58
2020,66567073.9,42932229.85,8.5596,264.263,37.67,40267664.71
2011,48666889.11,51982285.81,8.5682,220,96.67,16004175.02
2023,66948239.64,61892252.44,3.7195,306.925,75.75,54692204.02
2012,44613561.56,43649391.07,7.9847,224.495,87.32,23533492.9
2018,53320115.77,53445232.87,3.9314,257.787,67.18,22060522.08
2014,45564596.98,52188637.42,6.0785,242.236,89.48,25423518.49
2020,82379563.31,55109841.86,7.9722,269.642,36.35,48905285.98
2015,35508715.99,42614063.51,4.9455,240.797,45.48,22668710.77
2022,60208822.9,58425260.04,3.5749,294.418,125,50934522.39
2024,75287502.22,65860703.06,4.1461,322.459,80.02,59442214.54
2013,41454364.53,42413202.66,7.0727,228.639,105.6,26225376.52
2017,51088368.42,51715432.57,4.3886,254.402,52.02,24094678.93
2020,82740426.38,54133908.62,7.8891,265.692,41.07,46803567.37
2020,82754559.86,57517503.62,8.9409,264.875,45.91,48930362.82
2017,60754532.34,55772270.37,4.9421,255.855,63.93,26135980.05
2018,73194149.79,70060313.31,3.6497,263.63,85.39,27735800.8
2013,45774417.9,41194082.63,6.853,242.935,112.38,23825271.13
2016,38195419.58,38116105.53,5.154,249.487,42.74,18504547.17
2012,52211312.83,46708979.2,8.5434,234.552,103.18,23915543.99
2012,55174967.71,45955511.76,7.7076,232.468,125,23578868.83
2024,87278275.56,74527004.87,4.2853,319.078,102.34,68485842.26
2011,56644246.33,53964153.36,8.2738,226.021,125,18461566.52
2022,62582799.14,62280585.28,3.6932,297.701,93.76,55361086.89
2022,55479138.58,58419963.17,3.2758,296.688,98.57,52033214.22
2012,46441970.26,41489035.13,8.0874,227.662,113.24,22580374.59
2012,51774275.54,45992109.72,8.3832,227.74,88.26,24632819.1
2017,58495735.22,57623157.79,4.4261,255.132,52.58,26244497.93
2014,45403058.78,50986705.87,6.0121,240.829,100.32,26427378.54
2023,76326297.62,72491178.2,3.6229,311.699,74.26,62432079.46
2015,52422512.43,53658330.44,5.1207,245.364,59.22,28816475.55
2018,57962483.56,56796350.32,3.5993,258.142,75.25,21317936.44
2021,62693015.22,53262973.82,5.5559,274.89,54.65,53482452.23
2012,50667322.38,43853650.67,7.8852,228.43,106.99,20289834.48
2014,43960872.37,47254941.85,6.4203,239.86,96.41,23378802.37
2020,73669443.34,47896496.75,7.2797,271.551,43.29,40970861.49
2020,83798609.43,62131444.37,7.9559,267.131,35,53401340.47
2015,44174255.34,43040346.72,4.8632,240.819,50.64,24219516.36
2020,76940603.15,49965642.07,7.7214,266.755,38.7,44626510.27
2021,65887532.38,52204000.93,5.2469,271.396,57.96,59412190.38
2021,70217734.92,59037313.06,5.0453,272.744,73.34,58253044.9
2021,70172410.52,62784625.07,5.6723,277.417,62.07,66392305.96
2013,45693225.23,43120177.37,7.6341,234.139,109.08,24733454.1
2019,57913035.46,59507537.34,3.5815,265.041,52.4,22802181.23
2013,49556358.66,45221229.99,7.4556,235.932,125,27593130.56
2021,70323354.75,57533203.88,5.4406,279.939,82.53,64095573.19
2014,45433453.98,46765277.18,6.0431,242.312,100.69,22313851.07
2023,79706827.79,75081622.51,3.7304,314.012,94.27,68420209.21
2016,48048146.23,53556755.43,4.7616,244.267,52.85,22383733.88
2016,42841549.25,43422874.16,4.7733,243.212,43.53,23382120.35
2014,39949426.03,38722694.81,6.052,241.545,98.26,21198449.67
2024,103107355.4,85232044.85,4.8251,320.675,76.29,75357804.4
2023,76423917.03,70534951.81,3.3695,314.031,76.59,56777263.38
2024,83417307.14,68216328.4,3.6807,322.431,65.02,69498459.29
2020,88449848.88,62356877.93,7.8482,270.016,48.78,51248519.83
2016,36506378.56,42247162.18,5.0187,249.393,39.05,19066956.33
2021,60984833.04,48858709.05,6.1973,284.353,70.65,49070596.35
2014,44106205.12,51386308.75,6.3208,234.008,98.33,27417790.84
2014,44308257.5,48846997.26,6.8821,232.311,94.08,28507198.38
2023,69490347.08,64301551.06,3.7112,302.633,79.18,64381489.35
2014,44318989.25,48295750.57,5.7245,242.064,93.98,25961747.1
2018,55254303.23,56513423.59,3.4677,256.551,80.36,22067988.04
2023,73456140.89,69393421.26,3.7305,310.928,76.32,64474224.46
2015,41462041.77,42284058.28,5.1689,241.282,50.92,21075517.81
2013,40302376.82,38200346.8,7.5655,232.822,101.63,25442123.63
2016,41763018.93,42643750.38,5.2234,252.776,35.74,21998971.57
2016,40889407.36,42937021.94,5.5155,245.146,44.25,18746132.57
2022,54987069.84,51555784.79,3.6959,297.57,107.55,47137698.03
2014,42739961.24,47478346.7,5.7677,238.198,90.1,24594754.35
2022,54398958.05,51766086.81,3.654,286.335,116.72,42568388.74
2023,84309285.4,80095222.69,3.5516,304.016,100.15,71559159.22
2012,51462854.67,45470789.49,8.2139,231.018,108.17,22173552.57
2023,68880245.86,64873349.99,3.7363,309.714,63.53,57365575.2
2014,39041616.48,39037999.8,5.9779,241.137,101.51,20309138.21
2011,54079029.75,54435535.18,9.141,225.402,93.08,17225914.01
2014,41215429.57,42155508.64,6.7056,238.822,103,23461958.5
2014,43145030.65,47706906.13,6.2312,237.529,91.24,25868829.46
2020,74880026.79,54405140.08,7.9981,267.064,45.24,46681591.05
2013,46753537.07,43623560.85,7.8513,232.072,107.72,28993531.66
2017,54430723.74,48509322.95,4.8718,252.327,48.77,21163416.65
2019,59962369.2,63439395.93,3.1589,259.102,69.41,23224469.98
2023,80647039.85,82967863.93,3.6769,313.045,90,71444025.48
2019,59454860.58,63054461.86,3.326,260.809,77.12,21023038.01
2013,47743485.5,38664906.69,7.3041,231.03,124.6,26175086.71
2019,53359830.2,58685267.17,3.6183,259.749,47.61,25279111.49
2016,45353959.34,46277250.48,5.0572,254.316,41,18229043.51
2018,60765790.15,62086316.35,4.3748,247.274,67.29,25097805.36
2020,79990149.1,55655515.98,8.1833,266.16,40.64,47124126.02
2019,48942817.15,50104716.19,3.4658,263.524,73.33,20667080.6
2017,53833512.05,48976840.07,4.3161,252.32,49.19,26358176.99
2022,52655971.99,57099122.66,3.9995,293.198,89.87,48543992.36
2021,70839433.26,53255133.12,5.6253,275.477,77.79,54847089.82
2014,47731117.13,48508214.45,7.0295,238.272,94.51,27067782.1
2024,99366554.76,86277553.38,3.7088,314.769,69.83,82598448.74
2015,36346444.67,40540104.63,5.4019,245.052,50.33,20525778.49
2021,66915474.87,56387007.98,5.4752,280.154,71.53,56634177.2
2024,99509943.92,88112635.67,4.5298,318.193,81.63,81412347.93
2013,35603576.27,35398134.8,7.7061,231.208,121.57,21438332.34
2021,70795038.11,56595902.34,5.49,276.704,72.34,62121957.48
2020,79849957.55,53267393.43,8.4317,267.811,43.22,46495499.03
2021,67167388.18,53983618.09,5.5748,278.334,69.22,64722809.2
2011,52245222.35,53541882.13,8.5316,229.69,112.19,17482720.66
2014,46221574.98,52179371.49,6.7316,229.818,94.46,29545894.97
2017,61174368.73,58169737.36,4.5935,251.887,52.15,30124781.75
2013,42188464.15,41849981.65,7.8785,231.327,77.36,22230001.09
2021,59992150.67,49880211.66,5.4507,276.426,75.51,48724700.14
2018,60468955.31,62837556.71,3.7882,255.356,77.68,24221947.53
2019,61820644.29,62365956.61,4.1237,265.969,55.44,22835400.64
2017,73548742.01,67695609.79,4.4019,250.105,55.44,29799670.62
2022,65864672.59,70264461.97,3.7578,292.547,89.18,57295663.94
2018,63959851.6,63588673.24,3.3949,256.299,69.34,22947537.79
2017,56075923.02,52932331.17,4.6907,248.727,53.32,22631542.55
2018,56439042.9,55071119.59,4.2247,259.01,56.31,22331155.37
2024,99177512.51,83679096.88,3.7441,319.823,98.44,75763088.56
2013,39989408.15,37959292.88,7.3786,242.942,108.65,24988156.73
2019,51797324.58,50432411.81,3.7893,265.057,53.54,20223654.41
2015,50235290.63,50100618.46,5.6682,246.031,41.52,22690011.7
2018,59650366.07,62518861.45,4.3868,259,83.62,21009294.42
2013,51272523.75,46645745.44,7.0308,235.804,113.68,25232011.11
2022,70451304.52,74671204.52,4.086,296.906,88.62,64159169.39
2020,76482341.58,55842805.06,8.1459,262.627,39.07,48467298.24
2014,49893039.17,50331335.72,6.7315,238.503,116.24,24060381.02
2023,70349503.97,62399354.73,4.066,313.069,97.29,52550107.89
2023,60746857.12,61464244.8,3.245,309.944,86.99,45669514.98
2013,41245892.65,39557351.23,7.0268,235.907,94.88,22714059.6
2012,52576632.95,46669601.66,8.383,230.282,102.72,23955339.6
2019,64770089.84,63092834.62,3.4719,262.71,70.36,25108513.99
2019,54990661.35,57145067.02,3.5517,258.39,63.4,22609055.45
2022,59930433.76,60195047.5,3.3687,293.06,110.41,52564404.93
2022,64061129.59,63177123.23,4.0157,293.261,100.86,55172104.62
2011,53650159.98,53047040.32,8.9216,230.745,115.79,18050298.99
2013,43116567.66,40232868.38,6.9498,232.963,125,23984225.72
2012,52445858.11,45553473.5,7.9093,232.708,119.39,21723181.62
2021,76932025.73,62561850.09,5.6282,280.91,66.25,67385270.67
2024,89511105.39,80129727.5,4.4302,318.625,74.17,71319675.95
2023,68665956.73,63919324.08,3.7385,306.299,97.12,53305381.48
2014,33849975.65,38817984.69,6.486,241.668,90.64,20254224.88
2023,65089073.74,66704206.08,3.6933,309.365,90.6,50410032.81
2019,69573634.98,65223322.93,3.6252,265.433,67.24,28400710.45
2018,45468145.34,47053207.64,4.1025,257.193,65.81,17002549.23
2020,74958038.09,52104418.13,8.3396,268.314,36.44,46401874.33
2023,67196876.29,65522027.5,3.6301,302.524,78.34,56571558.79
2021,68368907.02,52666174.81,5.8638,276.47,83.61,54146813.73
2024,88860852.19,75453154.69,3.6637,316.418,80.98,71697852.21
2016,42934090.06,45888518.68,4.2201,242.075,42.37,21436639.68
2021,66456334.1,57070145.88,5.2086,274.981,72.39,60743143.06
2014,34722070.12,36757771.54,6.4171,232.508,93.83,19031860.39
2013,51484188.44,46305125.47,7.306,232.967,101.12,31428684.52
2020,76020895.33,54960501.14,8.2249,263.134,48.85,43946156.67
2019,58498959.01,56956859.12,4.1606,267.29,63.93,22195987.65
2023,80145288.09,70356273.32,4.0336,312.001,96.08,64050956.1
2023,69642643.14,69282849.81,3.2439,312.834,70.9,55803150.49
2011,47904123.02,46030087.1,9.4245,229.639,103.9,18273930.63
2015,49334718.27,50085350.17,5.3727,241.217,55.55,26444901.06
2017,64972959.3,58315327.6,4.5447,255.103,44.41,28058053.27
2021,66773228.97,55637585.96,5.3063,274.845,70.06,58715537.03
2017,57545492.45,55888201.78,4.4648,255.286,56.22,23806283.89
2017,47518596.74,47441555.71,4.7123,249.01,54.19,21827455.78
2012,50518262.48,44161596.99,7.8183,232.979,90.65,27281342.16
2017,58306469.73,57790899.71,4.1658,251.301,65.25,27060031.12
2015,43024897.38,44526565.05,5.5009,244.424,51.7,21446486.49
2014,47963352.49,51882652.87,5.6581,237.791,97.21,25473071.96
2014,42941139.69,45815241.05,6.0225,245.025,79.04,25736045.77
2024,91115669.39,79286940.52,4.4174,315.728,77.68,73515131.65
2017,60715936.71,53311007.52,4.7307,254.835,48.98,22995221.39
2011,57589956.25,54081474.11,8.9672,224.843,112.7,17891498.19
2011,66511826.36,64119025.55,8.8009,228.961,115.53,19535614.85
2024,95191897.14,80390960.63,3.3343,319.028,69.86,73346263.26
2015,47676786.64,46919656.77,4.7713,238.35,49.95,23698466.84
2023,72368433.05,67441659.79,3.806,307.038,93.76,59823059.04
2012,57179497.41,54233821.43,8.3205,230.681,101.8,28180429.22
2019,57041359,52758162.43,3.2489,261.605,68.47,20962445.36
2011,50150466.89,48955998.47,9.4928,226.048,125,16276288.5
2011,48868677.79,50956160.19,8.9509,224.683,122.25,15759442.22
2015,49088237.05,49820581.37,5.8501,243.469,59.37,24145921.34
2021,77225270.95,63245303.9,5.4776,271.378,69.29,63829965.14
2021,60712880.99,53950577.32,5.6585,274.203,87.34,48819707.46
2017,63698935.45,61657069.09,4.6357,257.393,57.27,27527749.74
2024,94055680.61,79316505.11,3.7987,318.877,84,72187066.95
2020,80105857.55,56337286.45,7.9421,270.234,35.02,50645521.68
2020,81839307.83,54717456.21,8.4901,266.619,39.57,51797489.18
2024,99667876.03,85871875.72,3.6283,316.77,75.36,83803615.84
2020,75313071.1,51970765.97,8.5282,267.722,41.03,47600321.58
2020,82444089.44,55463716.43,7.6667,261.579,43.83,51765373.95
2024,97726262.41,82915787.59,4.0843,321.539,82.03,73651417.99
2024,85161816.82,72716155.77,3.8691,315.784,66.35,58361593.15
2012,51485265.08,44183973.43,7.6732,229.861,111.73,24530750.91
2013,45510831.32,43508710.18,7.1864,239.099,79.9,25984268.98
2024,95452549.35,82443052.69,3.9452,315.142,78.17,72748146.05
2022,53957660.15,60402898.67,3.4736,296.943,84.58,47820479.1
2022,60073457.7,66025644.45,3.9545,294.962,91.21,58116787.09
2021,69702295.3,59322261.07,5.4808,276.751,72.15,62757093.54
2024,86772242.54,77847705,4.2092,317.832,81.31,65943533.62
2023,72200629.4,71331371.25,3.0616,307.432,82.48,67442680.75
2022,64274128.81,70046105.97,3.8396,298.915,119.99,59434938.25
2023,76469204.35,71580668.38,4.0703,311.754,77.27,58534154.18
2023,73809653.94,74054728.4,4.0203,307.445,72.68,63582816.02
2018,58434639.64,56010301.63,3.0815,257.012,60,21001114.5
2018,63865334.42,59535134.19,4.2729,257.587,77.14,24001430.2
2011,56737787.75,54461341.3,9.1783,225.196,99.43,18343900.17
2013,35281711.45,37744163.84,8.0197,228.699,100.44,26274447.75
2024,82584865.85,70223360.85,3.7212,320.347,92.12,63264688.53
2011,47020484.9,46910842.06,9.1416,221.022,118.18,16348828.75
2020,82114802.05,54644324.83,8.2775,265.108,40.28,50672034.59
2011,54261837.94,54446093.07,8.6033,220,97.85,19611266.44
2022,70082143.49,72273220.62,3.7146,298.645,110.71,62793170.22
2018,53213629.54,53844966.08,4.2438,256.981,78.11,20787569.18
2023,65449256.56,61725038.81,3.4663,311.255,78.76,54602770.12
2020,84571290.94,59658091.67,7.9356,268.235,42.93,51864811.43
2024,80932118.68,64486962.08,3.5194,316.631,81.43,55734973.79
2021,65399742.57,55009840.07,5.3606,277.53,69.02,55553188.42
2011,54942732.3,54673686.78,8.8146,228.016,118.96,18805915.01
2021,62530432.61,51862779.73,4.629,280.622,72.4,53668171.82
2017,56347774.86,55316362.74,4.5239,253.45,43.65,27698954.38
2012,46666497.95,42143630.5,8.3874,231.793,125,22908671.53
2023,64674178.05,62337833.19,3.5947,310.68,64.68,53859620.75
2018,59909424.37,65484389.38,3.3587,263.536,65.37,23205081.75
2015,45567713.87,49422818.82,5.7404,240.914,45.37,25890454.9
2024,94065419.04,81536692.59,3.9259,318.932,87.19,72024509.6
2011,45669713.95,49851508.29,8.6751,222.181,96.69,16695625.41
2024,86353228.76,75016671.24,4.1742,317.176,87.69,66052900.36
2020,72999085.19,51779717.14,8.3266,264.333,35,46954506.26
2019,65282268.19,63368240.05,3.7314,257.947,65.02,24611340.62
2017,62994932.74,62289089.94,4.4829,252.782,58.83,27113317.08
2022,67358328.78,69326432.03,3.3162,292.969,113.43,55749071.04
2019,61573280.37,59581098.67,3.7692,264.964,55.62,24265685.59
2021,72268329,62596973.49,5.0216,271.271,54.49,62871611.31
2014,39071974.16,42715040.64,6.0963,236.642,97.02,22727469.3
2014,47076096.67,47650973.35,6.271,244.554,95.04,25013610.64
2014,48174276.3,46686558.28,6.4636,234.002,110.14,23106188.23
2021,66058113,53031836.86,5.5061,278.948,78.7,52149224.72
2022,61078680.76,63682608.7,4.3547,290.709,92.41,54925261.83
2015,41274783.25,39430380.39,5.8371,240.097,47.93,19623576.48
2015,45758241.37,49831100.22,5.1706,238.519,55.14,24753992.76
2019,55239234.67,57437847.49,3.771,266.729,64.43,23958084.82
2013,46635692.73,42548202.67,7.4369,233.565,114.39,25748905.14
2013,45636830.54,43711423.78,7.3787,230.016,116.27,26218756.74
2022,70596261.25,73169626.72,4.0802,293.503,107.17,57797482.31
2021,59925121.44,49795105.34,5.7602,278.147,74.97,53479155.04
2011,53031381.87,54625630.99,8.7459,224.588,104.65,17143527.14
2012,55543869.49,48264886.1,8.2192,234.62,112.46,24431003
2012,43115590.03,37959922.98,7.8219,226.27,96.83,20260839.2
2020,81175601.6,54234734.67,7.8749,265.228,37.84,50602668.57
2011,49712283.11,52844330.01,8.6973,226.654,110.7,16950738.63
2017,62428394.87,59689092.08,4.6027,254.672,58.75,25357409.89
2023,76792747.08,72651399.96,3.3175,313.214,86.99,58912705.39
2015,41153224.82,44838901.17,5.2981,245.119,64.6,20983696.2
2011,53545348.14,51148413.13,8.6018,225.579,95.3,15048730.17
2021,61618332.68,48309392.31,4.9393,280.483,76.09,60267328.49
2022,75269809.68,71344847.91,3.9531,290.933,100.87,66863028.01
2016,38310258.76,43325131.3,4.811,249.731,35,18386193.72
2013,43101322.34,41339852.14,6.953,234.621,102.54,26297536
2011,47079502.96,47987149.88,9.5706,225.821,84.87,17291787.9
2019,56852592.3,55654039.72,3.9361,267.818,67.31,21115070.65
2014,36320275.52,39999664.07,6.0818,240.74,109.05,19086215.69
2012,52172093.71,48780044.08,8.0387,227.678,94.83,26347487.6
2014,37151481.16,37584089.26,5.909,234.705,103.56,20862395.86
2017,53054752.57,47969231.35,3.9024,254.578,62.62,22263233.45
2015,48137765.05,48841821.19,4.6056,248.577,44.44,22792345.89
2011,53653178.76,54591521.52,9.34,225.903,87.24,18162322.35
2023,71212155.2,69286976.3,3.3782,305.8,89.42,65010894.37
2016,46299539.25,46415083.57,4.8824,245.228,43.35,19976283.85
2013,45076435.01,38988585.62,7.6712,238.97,108.02,23955809.2
2011,50513985.12,49469073.02,8.8743,224.086,104.41,15361314.67
2020,79941982.31,54893373.9,7.841,265.266,43.8,45422689.19
2017,50127820.65,47989835.65,4.1577,252.653,50.52,22354613.31
2024,94990589.75,83134289.9,3.7453,316.727,85.25,76531444.75
2012,57788854.77,49237387.34,8.4817,228.85,120.41,25556739.1
2013,42111446.25,39730966.3,7.719,230.699,111.57,28380517.99
2014,40573412.8,39532824.4,5.3127,245.847,85.39,22230995.01
2023,64614326.74,57027619.07,3.5404,306.097,75.21,49021791.88
2021,60617853.89,52858117.15,5.4816,273.01,76.54,50118125.38
2015,36652527.12,35981530.27,4.8994,244.144,60.43,17992647.85
2012,44923041.92,42065399.93,7.7119,230.294,109.94,21794653.13
2013,44348297.35,41421412.66,7.5657,232.218,98.21,28750221.46
2019,61033292.26,56228104.43,3.5753,267.623,62.28,23953979.44
2016,41130417.58,45172422.42,5.1136,244.589,43.37,20733501.77
2011,53422662.16,53077899.12,9.0958,229.045,116.75,17789965.49
2020,70552169.92,49002049.5,8.1467,268.648,45.14,39710626.35
2011,57289665.26,55042351.53,9.0413,223.555,92.15,19727572.9
2018,63795669,64262630.48,3.7788,259.373,70.93,24339790.23
2012,51237502.86,42251326.12,7.2827,232.52,120.47,22065179.5
2019,59363459.17,64837955.32,3.3574,260.867,51.42,25309140.78
2013,50394953.47,44555097.02,6.5625,235.717,117.79,24341732.6
2023,78010720.12,76836121.94,4.0039,306.686,78.93,62169736.12
2020,71597381.52,49002807.02,8.1611,269.576,41.34,42754048.13
2016,44187729.99,45573031.62,4.1113,245.614,43.06,22879188.52
2015,46133067.44,46001658.54,5.4999,239.582,51.49,24761220.69
2023,77376491.12,71039125.78,3.6402,310.96,87.98,68282165.49
2023,63900420.89,62051166.79,4.0673,310.625,100.37,55594497.56
2022,71878957.68,72495416.45,3.1519,292.843,111.66,59953409.24
2019,66426235.37,61289887.17,3.8723,260.145,59.24,22666154.34
2013,47583299.98,40181878.71,7.873,233.055,125,27477704.83
2019,52221314.59,51586947.33,3.8634,261.407,47.78,19342374.21
2019,60240820.94,59907264.03,4.3079,261.772,59.37,24918456.32
2016,48595999.5,47703048.79,4.4284,247.912,44.98,22321545.02
2017,59229770.09,56856477.12,4.6833,247.552,53.32,26164209.17
2021,75135885.24,62838330.74,5.3145,277.642,56.77,65610853.16
2015,44985445.09,47451482.98,5.7027,245.927,57.5,23048195.87
2012,51934141.34,47819699.75,7.331,226.298,96.26,23102854.82
2016,43431140.05,44413208.93,3.9637,243.962,42.31,22073029.72
2016,41575858.98,47276573.84,4.7935,245.767,41.44,23605798.55
2019,45514063.35,44512191.22,4.2484,267.117,72.29,18779644.96
2019,64442102.2,65319068.46,3.5652,268.059,61.52,23108234.48
2011,46434988.09,50948608.22,9.4608,225.037,99.49,17885583.83
2020,86066888.42,60042054.45,8.5899,264.262,48.2,50139198.45
2011,47965086.27,49347328.52,8.9843,226.848,113.34,15657325.82
2020,67969859.32,43380722.03,8.2931,270.067,44.29,41023180.3
2020,86429021.97,55253177.27,7.8858,275.159,35.66,50712183.9
2021,65489962.73,54618544.76,5.7833,278.2,80.81,61848496.67
2022,58936417.47,60500023.79,3.5594,293.993,97.27,51308112.86
2020,60747541.57,41619969.89,8.2053,267.04,45.03,37077683.08
2023,74269115.08,73788737.24,3.832,307.604,65.11,66054651.89
2024,99027831.68,83305504.23,4.1455,315.275,92.81,77987013.64
2016,45379382.99,49154733.93,5.2307,248.793,46.22,21025578.23
2014,46168734.09,47118171.09,6.4009,238.453,118.53,25978986.04
2016,38109446.02,42539342.06,5.2265,244.851,35.07,19719118.97
2018,50428752.56,49041084.08,4.1961,265.601,62.81,19888160.22
2011,52969040.48,53288375.76,8.7593,220,122.47,14768924.12
2024,102739920.3,89249720.32,3.8585,321.097,71.03,77410908.2
2021,68275503.45,56530258.51,5.2142,277.538,57.3,57833924.53
2023,74732640.03,74195792.29,4.2295,310.468,79.43,58853759.62
2015,47761644.87,50436574.03,4.5907,243.412,57.6,25395600.87
2016,36026060.47,42107236.22,5.0526,241.725,40.47,20299457.22
2013,48968318.88,44473196.99,7.0658,237.813,102.95,31678676.13
2011,55993358.2,56167634.02,9.0658,220,99.81,18776567.98
2016,38023326.49,40695597.46,4.6849,248.756,49.91,18399261.8
2016,47051795.46,49412845.75,4.775,248.667,35,22280239.27
2016,41919577.35,43683825.77,4.5187,247.206,43.68,19257843.79
2018,65612097.52,71922231.91,3.308,255.969,61.22,25369136.73
2016,41614657.73,46020828.82,5.0598,248.197,38.55,20625408.08
2013,49203696.85,45027692.83,7.3185,232.69,101.75,28403002.17
2020,67433806.48,47438864.42,8.2512,263.755,48.07,39619188.05
2016,38628579.6,40338731.2,4.4951,251.034,39.22,22055932.08
2020,78112008.77,49950092.33,7.7059,270.771,42.97,44830418.08
2023,69985407.87,64936059.3,3.7174,312.517,89.18,59385782.03
2024,82706785.4,73661122.68,3.5209,313.411,71.89,68628074.19
2024,93292621.87,79068443.5,4.3613,318.207,72.29,75337122.04
2015,43153481.53,48014943.48,5.2463,243.349,48.05,21825812.18
2011,56654161.17,59593336.32,9.3742,227.896,94.16,19872269.6
2020,70657044.86,48451515.73,8.8026,267.835,35,45040447.19
2013,60690502.87,51586737.54,7.6372,234.661,114.98,36642882.12
2021,78253882.58,58960523.98,5.1954,276.541,76.58,62585399.31
2016,41784014.46,45612819.92,4.7235,246.637,40.99,20974924.54
2011,54131594.29,50996801.94,8.7206,220.188,111.6,18105818.48
2016,47109483.47,46615499.02,5.2824,245.636,47.42,21164544.92
2018,57938436.65,60199463.23,3.9933,251.824,70.55,24341927.06
2016,40110024.38,42777740.4,4.8432,250.121,43.89,19250558.08
2014,49540878.74,51236381.41,6.1601,241.736,113.01,27637599.06
2019,65974722.95,62604960.56,3.3401,263.358,61.19,25520160.4
2022,67799873.65,68055352.45,3.2127,298.893,115.68,53859642.83
2017,52437858.25,52191321.73,4.4031,253.289,44.39,22874215.8
2016,41707118.62,45212197.65,4.6051,252.633,47.35,20619417.66
2021,52098914.99,43799658.41,5.6718,280.654,73.25,45753170.64
2018,63730644.26,67142921.74,3.5789,258.792,66.53,24680312.01
2014,35525490.52,42971030.62,6.2096,242.218,109.11,23011010.14
2011,52080122.75,55175094.72,9.2395,231.322,107.82,16942289.3
2014,49705157.71,54177547.96,5.5969,236.018,103.28,26833739.23
2014,41683315.1,47679113.45,6.5153,241.283,95.93,23429959.7
2014,46189672.77,50128084.46,6.4867,236.939,85.1,25566760.47
2011,52767693.34,54149066.09,9.1148,220.568,105.59,16685672.5
2017,66032551.83,62926513.16,4.5636,252.911,50.78,27321019.16
2012,48667284.1,44190346.8,7.3939,225.921,111.79,19585379.67
2017,60367019.87,56352842.48,4.0196,251.561,47,25136073.28
2013,42733875.68,40086437.87,7.7083,227.841,122.07,23233931.09
2012,57832747.85,47564672.65,8.1056,229.258,117.52,28059832.84
2013,44508023.53,38593192.06,7.3253,232.405,101.36,26946700.93
2014,41243252,47203332.03,6.9879,239.051,86.09,22883065.55
2017,59397031.33,54280903.68,4.3303,256.679,58.32,24137889.06
2013,53802480.29,47371499.14,7.0434,235.634,116.7,30719632.16
2016,39375606.81,40800756.81,4.8595,247.31,55.48,19506852.43
2022,61616171.69,64642742.98,4.0363,295.339,92.8,56981878.71
2021,68097744.51,58415578.2,5.8721,278.353,66.72,55195968.48
2024,80415278.05,71512278.15,4.2238,315.99,68.76,61967589.29
2023,66510762.4,66560192.74,3.3978,313.339,84.28,60077531.16
2018,57651250.02,62404639.39,3.5726,260.875,72.38,21910022.82
2015,42607930.86,44423758.74,5.8573,241.315,48.59,21177086.62
2016,39110774.42,42235126.68,5.9026,244.127,35,23065318.94
2022,71141133.96,73346293.16,3.4059,292.065,102.43,60734979.31
2020,83406638.28,55207329.31,7.9453,269.474,51.97,51953123.3
2024,92269670.98,83443073.37,3.9087,315.32,80.36,70706435.21
2024,101283404.8,82328483.09,4.0827,316.018,87.59,84428980.5
2020,68763044.92,49031818.62,7.9734,272.302,39.9,42488790.23
2014,41798262.84,47400337.19,6.397,238.724,103.35,24512169.01
2024,95572914.04,81718946.83,3.3712,323.866,69.49,77078243.78
2021,70967383.23,62583349.21,5.4992,276.14,83.9,65277259.38
2018,49809081.11,55513606.28,4.2747,257.735,58.01,22015536.59
2017,59778070.73,56807350.87,4.0248,249.427,63.26,24391457.24
2018,56875475.94,58149942.81,3.987,259.271,74.67,22935250.19
2017,61715937.46,58731629.93,4.7532,252.4,61.68,24450606.74
2015,36893780.76,40808298.12,5.779,241.741,52.74,18508342.23
2018,69652087.52,77971475.16,2.9304,262.38,83.78,27714462.75
2019,69315939.57,65399309.96,3.7022,269.51,60.05,24306183.32
2012,55986927.31,46841857.62,8.9785,230.05,105.16,28653951.96
2014,38767119.63,38337060.14,6.0033,234.685,109.22,21789409.33
2013,45968785.82,43595858.92,7.445,231.045,90.75,28097544.99
2015,40749993.22,44708926.58,5.6423,245.135,37.95,22701854.78
2024,91971720.09,75470999.19,4.2549,318.346,87,69234258.01
2017,60315021.78,55016489.52,4.418,249.346,58.81,24644804.41
2023,74210429.11,66908572.95,3.7485,310.714,97.74,58677734.29
2013,43904995.74,43045197.1,6.9547,231.401,90.05,27828797.64
2022,65183980,69499979.01,3.8655,290.561,99.19,58368351.25
2013,44983285.07,41126410.96,7.2639,228.385,123.5,27325446.91
2015,43981729.76,44215845.56,5.3375,241.294,44.11,22994129.32
2024,90017566.12,75915949.94,3.8425,321.19,94.41,68973638.9
2022,72151198.42,70030862.13,4.041,293.379,117.63,57883474.07
2017,55833108.23,51878379.46,4.8197,252.07,58.04,23034917.54
2024,93238615.99,78651703.77,3.4167,318.111,81.04,75209609.5
2023,67495335.41,63589243.84,3.2406,305.19,91.64,54951739.02
2015,49664836.82,49373076.51,4.9609,242.373,59.09,24854328.25
2023,66438016.55,66887553.15,4.172,309.225,87.87,54433625.33
2015,47861789.06,47145399.11,5.3284,243.686,46.91,26432625.71
2016,44000680.67,48718701.17,4.7681,245.121,40.23,22192006.21
2016,43343918.83,45637468.48,5.4178,249.369,47.7,22402585.11
2019,62946024.14,63846593.34,3.8015,267.629,69.49,26013225.16
2016,41528535.98,45062753.79,4.6831,251.551,40.55,20306994.36
2015,42243109.04,43354157,4.8895,243.401,56.19,19652888.42
2021,68247505.02,56603901.43,4.6907,275.395,82.77,59721124.1
2017,61652521.61,58771920.34,4.0457,253.027,65.65,26530019.06
2013,43998683.43,42504884.9,7.1042,230.481,113.02,25105817.78
2024,93621097.96,82071455.12,3.6708,325,68.59,74338867.64
2016,43384799.78,47007182.25,4.9,248.048,43.4,22173881.47
2017,66488088.52,61902121.21,4.4401,259.117,54.26,29524658.09
2013,51117791.05,46940952.2,7.0579,233.121,119.47,28885219.79
2014,46983052.15,49919547.26,5.0091,232.846,104.41,22738871.78
2013,44094497.46,40804105.02,7.0401,231.385,125,24715382.95
2024,87150037.1,76577219.27,4.2484,317.52,81.7,72641922.6
2017,44716703.64,47982502.72,4.3788,248.138,58.42,20956912.17
2015,38257646.2,43855201.89,5.1883,243.513,48.31,20510309.15
2020,75655101.88,53084674.11,7.769,276.545,47.97,44479760.23
2018,58239299.88,59590356.66,3.6166,262.17,65.9,22985781.06
2019,63078867.24,62170544.85,3.7145,266.732,57.88,23833921.49
2024,90188487.77,77284785.41,3.8794,317.084,70.26,68430488.79
2017,65327260.95,59253508.63,4.7336,252.947,57.97,23852916.66
2022,61597489.56,64756589.92,3.8444,297.978,99.85,51013182.67
2011,55608687.96,58081882.13,9.3277,224.163,103.08,17802976.85
2016,40038438.22,41644302.11,5.1045,249.2,46.9,17917787.12
2021,73461402.71,60210236.02,5.4875,276.811,67.42,59131580.51
2018,64527700.15,62359423.58,3.7537,258.306,66.98,26041077.67
2012,56648736.57,47183783.34,8.2418,221.973,117.66,24024540.78
2015,42629655.54,44781729.12,5.6219,247.562,45.86,22037306.17
2016,39230227.07,39940919,5.1498,248.624,44.9,17007667.99
2011,60059976.21,60131494.74,8.7864,223.971,106.55,19717651.1
2024,101526368.1,90709178.96,3.9726,316.255,79.43,69991441.11
2024,86908423.36,73680276.5,4.0563,317.71,57.17,65293639.24
2014,45745667.13,52794775.59,6.4915,239.357,67.13,26540203.86
2017,58849552.3,56627946.36,4.011,260.715,55.56,27247253.33
2018,65814340.88,68394919.88,3.41,257.064,72.15,24104975.7
2019,69424360.4,65344049.61,3.6433,263.056,61.05,28002518.5
2017,58990653,56528675.94,4.7022,252.934,52.25,25044952.06
2021,69678252.07,60031882.27,5.2049,276.536,91.46,60713362.3
2019,67148908.4,68476150.01,3.4878,258.457,53.47,26224038.46
2014,40007114.58,39722913.85,6.5205,238.408,109.2,24627001.22
2021,71746880.01,60677379.85,5.4599,281.857,70.13,63058436.56
2022,65205938.38,72944987.46,3.9151,289.702,104.46,57290130.97
2011,45657276.33,48869835.88,9.5104,223.705,112.17,15049759.71
2013,44586572.47,43837636.04,7.7377,233.465,98.04,25953131.01
2019,66756088.98,68133554.11,3.6271,261.456,73.06,25226289.31
2022,57359917.58,55256650.33,3.5975,298.187,112.04,48892872.47
2013,43375017.13,43780398.88,7.2059,237.63,112.32,26639422.41
2017,62784579.88,54454292.04,4.6052,259.992,48.48,24551736.02
2014,45704657.5,45564204.01,6.2438,236.165,108.5,24995364.51
2014,52096032.77,55180163.39,6.5637,241.709,89.73,31280124.77
2013,57959630.96,53414737.79,7.6385,232.201,106.15,33604598.21
2016,52618315.66,53073336.14,4.7102,246.869,40.39,22958983.39
2011,56533814.6,60809451.56,8.9638,224.384,94.11,20554828.78
2021,70193367.63,54628634.55,6.2561,278.997,73.42,62147882.56
2013,52020820.75,45279294.81,7.6162,236.623,111.28,25000793.04
2020,65773654.91,42672394.11,8.1013,269.327,48.21,42315783.95
2023,69591712.31,62472327.83,3.8045,308.947,96.8,52821117.86
2017,64066398.89,60317834.54,4.4568,252.291,58.65,30224260.22
2023,80716198.89,75694661.88,3.8066,307.87,95.57,65741340.74
2019,59916354.41,63170408.43,2.976,261.048,55.6,24515554.64
2020,78999662.96,51755414.89,8.1723,264.417,42.85,42471375.2
2017,53275633.28,51300617.98,4.1673,255.859,58.83,23195548.12
2014,36992784.41,43924952.99,6.0826,233.523,99.66,23392064.99
2019,52291899.09,53332293.94,4.0568,264.323,61.1,21538773.32
2024,101281247.4,85255770.8,3.8205,324.66,86.73,74730931.4
2014,39413382.19,43384650.41,5.9043,237.439,110.6,22270351.61
2023,64379701.43,62294743.66,4.0724,310.118,78.04,50415793.91
2019,58664756.85,63100045.93,4.1188,265.468,65.66,24026316.58
2016,44975656.8,45785150.79,4.3088,252.581,44.05,20038900.84
2013,43267438.61,38904555.33,7.3896,231.805,114.65,23823996.14
2022,65353398.81,67945935.35,3.1162,297.836,115.34,52638072.32
2014,43712096.79,45528833.73,6.3168,237.625,96.95,25796883.07
2020,77036110.34,50436524.53,7.9575,263.354,41.11,44105457.47
2022,61260441.68,66902212.62,3.7644,294.941,101.33,51166681.46
2011,59643703.65,59060967.65,8.9773,226.146,125,17982867.79
2022,58843424.67,56373213.03,3.9919,292.953,111.8,43533737.43
2018,63790471.26,64236054.5,3.6419,254.548,64.53,26595016.56
2021,66697440.4,52925614.39,5.7029,276.129,67.21,49283256.99
2022,54201414.22,57081707.01,3.7357,293.36,95.86,45450806.04
2014,41731406.69,46210804.12,6.1652,237.253,81.66,26478992.31
2015,44004950.65,46523801.81,5.6271,245.371,51.51,20668292.44
2024,82263106,73778273.22,4.5098,320.873,75.57,67390183.65
2012,51127755.41,44208522.17,7.7049,229.707,91.04,23555897.55
2016,39539635.95,43991553.2,5.6452,248.56,38.28,18924957.72
2019,57936163.01,57944087.57,3.2523,265.011,57.39,24223931.88
2021,62733739.43,51553545.04,5.5877,283.403,69.77,52167862.5
2022,64653925.18,63106557.05,3.6492,293.413,107.27,59634457.15
2014,41967107.9,43896475.51,6.2701,238.414,118.27,19469657.05
2020,79000049.62,52957802.06,8.4256,269.899,48.68,47518145.21
2022,62483839.48,69808098.67,3.4927,294.244,98.32,63000115.94
2015,46786276.81,43555953.05,5.7303,244.916,65.18,20886143.46
2020,78354556.02,50842455.85,8.8267,267.915,45.84,48711739.82
2014,44074226.12,47445857.09,5.6995,234.96,94.35,21814361.35
2020,66457814,44843468.2,8.2432,269.563,42,41360279.42
2021,73108956.53,64336497.65,5.5082,275.837,64.81,64165877.02
2017,63198599.59,59802384.9,4.2331,255.561,53.03,27278657.4
2018,63092490.96,66460417.58,4.2195,253.906,66.46,21335927.35
2015,47790813.42,46332740.43,5.0743,239.259,54.46,21931501.17
2017,55110266.29,53214974.08,3.991,249.369,56.82,25122970.31
2020,65258280.3,42043327.04,7.8214,268.738,35,37060616.26
2021,60645811.84,52279207.26,6.0435,274.887,73.74,51004724.06
2019,64465238.82,62802312.68,3.9627,260.699,73.18,26782877.79
2017,57996262.65,57867970.61,4.6869,252.357,56.52,26025611.77
2022,69047155.69,73204091.72,3.9361,290.434,101.83,64457970.2
2019,53699083.03,53139938.6,4.0331,262.806,54.98,20759312.65
2022,58299313.51,59597944.75,3.1733,297.408,82.2,53927915.08
2013,48516974.02,41879257.4,7.3407,234.012,123.51,27998787.69
2022,55357762.89,58341795.77,3.0847,295.245,105.33,46498001.86
2017,55912438.81,51059415.52,4.1594,255.906,53.52,21993293.35
2012,56233625.79,45178736.53,8.106,227.434,103.49,23908639.76
2016,45030457.67,44615387.43,4.4964,246.696,53.61,22941971.84
2019,58879969.23,61115206.2,2.9536,261.214,54.26,21859180.11
2014,43118814,48649102.45,6.3056,232.699,97.47,23454582.92
2024,90497017.44,77724165.94,4.7155,322.074,79.61,69537596.98
2018,60606595.33,64523311.19,3.9668,257.827,79.93,24527045.25
2012,48771319.26,43275362.93,9.0676,234.313,107.63,23343392.27
2023,73660247.54,72204825.12,3.8195,309.29,74.56,62037718.96
2014,44552979.45,47072638.71,6.5604,240.275,103.54,24450674.35
2018,56951767.27,59214440.57,4.2309,257.65,67.51,23094869.34
2022,56699528.32,60543183.6,3.8047,291.05,99.07,55765351.17
2024,86145083.36,74608137.06,3.9662,319.418,75.79,57576401.76
2017,63667256.35,60585833.9,4.5917,249.911,52.74,30309099.6
2016,45937936.33,45873343.96,4.6856,250.021,51.95,22991362.01
2018,52555321.89,52210397.38,4.2466,257.479,67.56,21408198.12
2018,61288937.15,65497967.93,4.0887,258.821,77.5,22856399.27
2024,97692797.95,81954721.91,4.2052,319.23,72.04,81567029.93
2020,77656001.02,53073062.6,8.0173,264.647,48.71,45950192.82
2014,39754050.79,45341724.5,6.065,240.429,83.49,24921838.11
2011,42854926,46129049.49,9.0945,223.532,111.69,15895867.43
2017,52254993.34,51250444.14,4.2484,255.989,55.34,23491282.51
2023,61225826.89,58379507.47,3.9969,304.55,81.05,49665460.95
2022,53463092.56,55139644.94,3.5403,295.542,111.58,47410453.36
2012,43989323.33,39190719.66,8.2379,235.095,114.51,19428860.6
2012,50139581.17,42087525.44,7.9578,234.543,81.66,25018621.84
2021,63106632.11,50757546.08,4.519,276.492,67.6,57075670.58
2013,39614547.22,42468901.4,8.2386,233.956,104.09,24259175.08
2020,76530922.23,53655957.69,8.6405,266.727,45.91,49748922.86
2022,64874090.39,65217611.72,3.6308,294.919,95.01,58801503.02
2020,70908341.49,46074268.5,7.6525,271.11,41.98,41892515.26
2023,60951274.08,59989438.89,3.977,311.607,87.43,53450513.04
2020,72362973.97,50925433.32,8.2645,270.693,35.8,39546006.26
2013,44034691.58,42217450.09,7.0059,236.721,125,27833689.62
2012,56892051.21,48758612.45,7.9668,232.547,125,23229370.24
2021,72659957.95,61364504.73,5.5318,276.671,69.52,64284575.7
2019,57478811.28,58489130.09,3.9533,262.826,60.66,23438333.41
2011,46876216.71,50132684.82,8.9228,222.658,102.57,16009906.77
2021,63029505.84,56565349.24,5.3086,275.174,59,59979757.86
2021,73584104.5,67195215.42,5.0215,280.595,69.29,63944034.2
2022,61143665.83,66401599.18,3.6129,296.705,96.45,59417908.63
2013,44665075.11,39926648.66,7.1456,240.597,110.86,25319383.74
2013,44546791.95,44962828.92,7.3584,232.814,96.15,30396532.3
2021,66526501.25,52834201.07,5.6174,278.377,77.7,55935331.56
2021,65431105.75,55307304.71,5.209,276.18,69.3,51496167.71
2024,98052692.68,84666576.31,3.7786,317.841,69.02,76108105.1
2016,41678926.06,44847729.94,4.8548,242.905,41.45,20966554.05
2017,60911401.08,57134050.95,3.9522,253.291,51.73,26276519.31
2023,69451780.41,63442173.08,2.8572,309.481,74.06,51724124.81
2022,61155600.83,59644850.49,3.6585,294.634,117.55,50805195.79
2011,48290185.32,50018776.15,8.5245,225.723,118.44,18376929.31
2017,61112298.82,59440544.97,4.0209,255.07,67.63,25872687.14
2024,95778108.03,77755712.32,4.2963,322.899,65.02,73607736.5
2013,42193978.73,38525030.99,7.4193,236.271,92.15,24714409.6
2018,56826899.7,58217396.12,3.8468,258.394,71.87,21410457.87
2021,66127836.03,54524693.62,5.4857,274.219,74.32,58341969.34
2013,42052226.09,38505400.87,7.1556,238.193,94.36,25544912.95
2018,57508970.08,55628522.27,3.8538,260.359,77.24,22944602.53
2016,38910412.79,41192558.95,4.6384,245.577,46.52,21292601.43
2023,69006059.91,65339449.41,3.2163,313.074,65.16,53966925.99
2017,62795234.96,59867784.25,4.6067,249.142,52.98,26275983.53
2018,52297030.81,50676336.8,4.024,256.986,73.56,19451219.07
2018,64953510.9,62546062.87,3.8337,263.24,81.19,25712419.28
2024,99779251.94,86043651.77,3.8361,324.087,78.93,72177573.46
2021,66762485,52245940.68,5.3656,271.68,77.23,56279420.84
2020,83012296.97,53308760.86,7.7142,269.602,40.87,48187723.32
2013,49745800.97,49085354.4,7.4377,231.764,104.53,30752365.97
2014,44273106.93,45097238.66,5.8702,232.706,101.65,24469392.24
2013,55198620.71,57779040.95,7.6861,229.217,106.45,33669208.1
2016,48894109.24,52399362.36,5.4144,251.97,39.62,24692382.86
2022,65126354.33,67774408.25,3.6695,291.874,111.42,59203236.8
2024,92576756.9,78116849.34,3.9617,318.366,82.93,71120267.16
2016,34051915.12,38192211.14,5.6187,247.083,50.85,15967895.58
2017,57137473.75,52959426.59,4.1269,248.313,51.91,23451030.77
2011,54229757.4,54600441.16,9.1124,220,124,18173885.7
2013,38479102.55,36486248.64,7.5855,232.313,121.65,25082467.8
2019,59274784.76,57964910.2,3.241,269.258,59.37,26098191.62
2020,74805177.29,51137481.16,8.7897,263.812,45.76,44957352.19
2023,76027288.47,74269619.95,3.7189,304.641,60.01,63138371.78
2018,55302447.32,57900006.73,3.9771,259.932,80.65,22599358.68
2013,46615308.21,41696302.27,7.2651,230.479,103.49,25275717.73
2024,93345940.33,80404872.47,4.0284,321.287,80.39,68427214.96
2019,67988877.08,65300377.62,3.6264,260.614,60.21,24555627.98
2012,48339058.17,42669019.92,8.102,225.834,113.74,23387587.71
2014,40471156.57,41940171.95,6.1105,239.497,107.44,25115060.93
2024,96741177.87,85956863.76,4.0501,310.902,76.12,79158865.49
2024,89843582.64,75917928.61,3.9902,319.033,86.08,63617140.07
2013,45054016.48,45701199.98,7.528,231.473,110.6,27284136.33
2017,59203945.95,56846954,3.8713,249.92,61.43,26082475.99
2022,60387351.33,67635832.04,3.5775,289.441,110.57,54876250.34
2021,81502586.08,71024611.28,5.304,271.356,78.09,67884106.28
2022,65744346.41,69629823.3,3.7834,288.748,81.36,57900437.98
2021,65745685.48,59392144.59,5.1947,274.188,72.32,62087241.6
2018,59676630.02,60915533.77,4.8313,262.911,76.86,24838978.94
2015,47082805.28,48171290.24,5.2998,239.239,52.32,24261344.51
2019,62185466.87,59961289.87,3.7304,267.331,53.59,22277890.29
2011,53051023.5,58932041.56,8.8612,224.052,122.68,17569371.81
2019,57441166.7,63220655.95,3.8928,259.684,58.19,22544686.28
2019,61275083.76,64598415.05,3.8429,259.846,49.24,23783804.38
2020,72907539,47631601.31,7.9236,264.911,51.91,40914480.54
2013,45144982.29,43926439.49,7.453,230.359,114.39,27770418.91
2022,71788898.14,74116420.04,3.8046,289.697,116.83,57260359.59
2022,64875936.67,63108760.83,3.7091,298.149,118.32,50875049.25
2014,44264730.6,49931764.82,6.4475,236.117,106.4,26458102.61
2016,45464737.59,49615889.37,4.5888,249.264,46.05,22035916.48
2019,61125807.24,61227718.2,2.9865,261.083,57.31,25936305.99
2015,48119867.91,47591320.4,4.9573,250.454,54.13,23043125.61
2019,64386925.17,62726254.94,3.937,262.076,59.56,25089135.34
2011,49666593.33,50196047.82,8.7248,227.184,102.01,16578093.87
2012,52713203.83,46040718.82,8.0554,227.935,119.96,24887176.98
2019,78593298.8,77766158.4,4.4227,260.3,60.11,25909144.07
2015,42269362.39,37273997.42,4.8588,242.229,49.67,20009478.64
2020,79310526.74,55682839.09,7.5263,267.507,35,46931362.97
2012,47753171.26,37218018.72,8.4927,227.998,116.21,23243956.6
2014,44009047.2,45370910.84,6.2695,236.782,107.5,27053462.27
2019,63914876.84,60085535.77,3.1631,262.895,68.4,26359502.02
2014,41687753.52,44803976.88,6.4113,238.248,102.26,23630447.81
2021,58459511.12,49156945.56,6.1965,279.067,92.4,49635270.4
2013,41536364.23,37690243.91,7.5973,233.705,108.95,25394844.98
2024,88459950.82,75843587.1,3.9472,322.023,82.84,66289438.39
2015,46935273.76,46973307.07,5.3816,242.138,48.38,24271506.22
2011,51146288.48,51214235.03,9.0052,226.594,119.53,15508699.56
2011,63771467.13,58182487.07,8.4079,224.251,114.31,18389299.45
2024,95034625.48,82959360.94,4.3866,321.928,76.89,68978562.08
2011,49271913.3,51256884.72,9.5717,225.134,104.33,18059822.97
2022,60811193.78,65204606.5,4.2177,292.116,93.57,55539469.57
2014,37476276.74,34228848.11,6.0738,236.157,91.32,19699657.2
2020,76541170.65,51579234.76,7.9572,270.6,41.45,50100305.93
2011,55901139.16,57174885.06,9.0489,229.727,108.27,17123240.42
2023,67444257.79,65218638.4,3.5857,310.697,85.87,52454935.26
2013,44792963.22,40672903.75,7.8194,232.012,112.48,23929808.68
2019,64191960.91,63232412.08,3.6301,266.725,54.94,24704043.8
2023,68654998.38,65467806.29,2.5641,308.74,68.84,51980570.37
2018,57091538.6,60509671.4,4.4085,256.547,79.22,21907578.91
2024,95430868.87,79303310.74,3.6448,317.251,78.33,77524280.95
2020,75727701.33,50546016.07,7.822,265.139,50.19,42649164.13
2020,77239613.91,50997205.54,8.2487,270.967,48.26,47554012.86
2023,81048202.77,81228313.11,3.5521,311.066,82.59,63038442.81
2022,59427922.21,58476308.56,3.5099,293.158,125,46520918.84
2011,60269271.23,56888190.53,9.7062,229.621,115.37,19784154.68
2011,47619714.66,47293679.67,9.4543,221.653,91.45,15015900.11
2016,39257732.03,39561193.81,4.3357,253.503,35,18868675.14
2022,52278174.87,50261257.87,4.0425,301.729,110.28,40958272.1
2024,101114256.9,86066315.85,3.573,319.974,87.68,79142983.59
2018,56177089.29,59503346.29,4.0704,263.874,71.18,20801777.73
2020,72866241.69,47600827.23,8.2162,264.502,42.89,44317983.33
2015,38975705.99,42933343.96,5.3374,237.883,49.26,23462506.39
2022,53673170.73,55575073.74,3.6048,301.07,89.16,45629159
2015,55991724.47,55686558.94,5.0651,241.363,54.08,29206309.82
2012,48855803.02,42979883.54,8.4187,230.342,87.91,24933990.13
2023,62189559.9,54391608.03,3.5736,308.854,88.65,50443344.02
2022,57406561.85,59294710.72,3.6208,292.397,103.26,51308410.37
2016,46537224.01,50087155.44,4.9224,249.23,49.48,23808855.76
2021,72813530.43,58543704.25,5.8489,270.668,74.99,61658062.38
2019,63502838.75,64356412.98,3.8468,260.639,71.9,19201236.92
2023,72320952.04,70180416.61,3.3866,307.483,74.82,57282965.05
2017,55732946.65,49379391.42,4.6788,251.97,60.44,22108935.59
2013,38920419.22,35282914.58,7.6262,234.353,99.01,22821682.65
2019,59637818.72,58857168.56,3.3112,274.725,64.2,23055143.83
2021,74752555.58,60295674.95,5.7451,281.496,69.08,59686548.37
2019,63971250.59,66012422.48,4.2526,269.161,56.85,24464923.15
2017,63765412.27,56291655.9,4.5443,250.618,59.93,26932435.82
2011,50633833.6,51415962.94,8.9682,228.216,94.5,16513733.85
2021,62505015.67,50404095.42,4.8447,277.276,97.93,49883020.66
2018,63120482.19,64744260.57,4.5552,263.677,55.94,24321165.72
2022,58789883.24,62211216,3.693,289.952,108.32,49263722.77
2016,44006316.57,47963896.25,4.8409,246.641,47.31,20896382.71
2023,59150950.76,56727026.98,3.2778,315.217,79.67,51379409.24
2016,38028345.78,40162943.33,5.0645,243.644,39.11,19423681.47
2019,69862594.04,65683425.39,3.438,259.295,64.59,29648010.89
2015,44250504.66,46965121.96,5.1211,244.18,60.18,23186333.09
2023,69756944.69,64331106.07,3.5884,311.442,102.92,48772182.27
2019,51476432.19,51460580.75,3.8341,262.706,62.39,20624234.82
2021,63338774.24,53011455.63,4.6485,275.006,70.67,56475824.52
2018,65085742.86,64411884.08,3.9,258.976,68.88,24576635.09
2024,96409514.24,78144667.35,4.4452,320.265,77.19,75027724.41
2021,58900375.38,50936071.74,5.3771,279.385,62.91,51927609.01
2018,58629323.54,56467229.97,4.2922,258.432,67.21,20316243.81
2012,53021673.08,45351949.55,8.217,232.823,117.64,23719352.06
2018,57538823.11,59849070.4,3.8126,254.124,77.27,23218732.03
2012,52544390.89,45765747.97,7.9571,233.316,119.32,24315109.26
2017,59719594.14,57768205.02,4.6713,246.675,54.83,25697062.1
2023,79278240.98,75663547.06,3.4187,303.028,83.26,57548944.92
2015,45665319.41,47346978.25,5.5981,243.516,55.94,23691021.82
2011,55023944.24,52452392.26,8.5583,222.708,119.85,16897264.66
2011,61834036.23,63281950.94,8.3997,224.202,97.67,20625531.51
2023,72415929.87,62720107.73,3.794,305.103,83.35,61830098.2
2017,51420253.65,48115059.9,3.8913,252.987,61.96,20516011.21
2015,45429079.13,47560912.1,5.0137,239.742,59,20132349.97
2014,33704869.02,36370481.72,5.8689,234.916,99.35,20068175.7
2016,43555676.91,47166884.87,4.7125,250.411,37.82,22942769.74
2022,56384359.86,55591334.77,4.0959,295.111,91.42,49692881.94
2017,62760570.16,61632346.03,4.3442,248.778,60.71,26384103.34
2018,56261395.12,57547026.71,4.1691,256.766,66.71,20158764.85
2013,52628934.61,45870846.09,7.6821,239.35,77.57,28881929.27
2019,63485050.42,61960696.67,3.5176,265.164,58.67,25980562.11
2020,85384385.75,61371992.31,7.4042,265.931,43.77,55552575.73
2014,46691560.29,45697177.74,5.8422,235.993,107.03,25374325.28
2022,64138381.92,68934627.97,3.9379,294.047,101.85,56450879.58
2024,106355019.6,94307547.5,4.6744,323.206,89.39,74680233.05
2013,48898911.32,46134155.77,7.9216,236.836,103.02,30444268.55
2011,52197919.73,54148850.76,8.7575,225.647,112.3,16459300.76
2024,97173711.41,81944336.25,3.7884,313.104,84.9,71581291.43
2011,51727524.2,51802305.99,8.5411,222.759,119.73,16379343.9
2022,60355226.36,58130573.7,3.2681,294.959,113.93,48984025.34
2023,67694947.51,67241703.34,3.4578,305.968,73.01,60329015.32
2011,52062307.19,53328641.67,9.3215,224.573,104.04,19040887.27
2014,47610904.08,53620712.4,6.7295,237.067,97.62,22903101.89
2016,40156629.59,43441178.98,4.7214,255.276,37.33,18661439.63
2014,44233296.23,48184443.42,6.44,240.784,114.07,24616198.36
2016,46563763.75,48832962.19,5.5135,252.105,54.16,20611791.36
2019,60209925.48,60798948.28,3.9879,263.758,64.93,25505278.23
2013,48567011.3,44017364.65,6.8566,230.599,117.44,30210863.11
2015,42328595.87,48632251.48,4.8392,238.496,59.01,22765965.08
2024,82898386,72188562.9,4.3312,325,74.46,71829746.63
2014,39429047.56,37412063.37,6.3155,237.054,98.94,19468611.63
2018,52792896.08,49460878.44,4.4106,256.376,72.25,20850912.69
2022,61740838.45,70351663.07,3.6986,289.521,93.15,56595396.41
2014,39016278.63,41776691.5,5.5123,235.28,83.83,22017917.78
2013,49801890.42,47142798.98,7.4146,228.411,110.6,30775414.99
2011,53588075.69,53360791.7,9.4482,228.897,102.7,16220659.94
2013,44072900.71,38231997.14,7.6834,233.462,105.48,21999000.57
2023,73946276.6,72561734.74,3.3969,310.817,72.69,64141006.18
2019,62640037.47,54538144.03,4.1374,261.354,77.2,25728877.04
2017,48151637.08,49222347.15,4.1831,251.585,54.01,19959103.59
2012,61454266.71,54083727.66,8.4852,232.391,100.48,30158720.51
2013,49117794.95,44576474.68,6.8549,232.599,107.81,27294519.98
2019,60812185.39,58961665.88,3.4368,267.884,71.58,23532542.62
2021,65718385.61,53751665.09,5.4936,275.248,71.67,57409412.52
2014,36341018.94,40267437.56,6.8476,236.734,116.84,20585849.21
2023,70818131.99,67127621.87,3.3569,305.268,60.53,61594420.23
2016,43219840.36,44781719.93,4.2681,248.005,42.15,21183966.92
2021,70262889.99,58843916.35,5.7359,276.789,70.95,58188760.68
2011,48375021.74,53113140.11,9.1633,225.506,98.36,16057410.37
2022,67144184.45,65252569.61,4.4165,290.111,101.62,53258768.5
2019,62168761.32,63537110.58,2.951,266.515,56.97,24431657.98
2013,47686560.59,42853647.37,7.5242,231.813,125,30976327.45
2015,44044281.13,47135573.69,5.2645,244.604,51.01,23142381.53
2014,48622984.72,51730800.23,5.8295,234.65,78.83,28334519.45
2019,48431778.6,52331939.86,3.5577,264.39,49.67,20429739.3
2018,65729628.05,65456149.53,4.4266,255.925,69.46,26651009.54
2020,67801106.3,47149172.75,8.1437,264.034,41.4,45480624.12
2012,57484458.93,48435716.03,8.5641,229.792,117.88,23482022
2023,67018133.86,66392724.4,3.4572,310.491,69.82,54962907.54
2014,40870558.42,46833674.03,5.5317,236.479,78.37,25542043.3
2013,49055397.53,45720887.05,7.42,233.97,97.54,29138356.43
2013,47481175.65,47741490.23,7.2656,233.949,83.21,29787534.72
2019,62074675,60602035.01,3.4513,260.053,61.77,23824320.91
2020,73652247.4,52649378.03,7.8629,269.95,46.02,43777548.35
2019,60384111.08,57542616.64,3.2746,260.219,62.29,25281366.71
2022,59072035.46,56492966.01,3.6693,296.225,117.76,52033597.42
2017,53065043.55,48404272.33,4.4999,253.791,52.85,21189205.3
2018,55011936.01,60354135.94,4.9287,258.257,66.64,19938159.72
2022,63593207.28,66569095,3.4995,294.546,109.25,51494714.69
2023,80424767.4,78308799.59,3.3167,303.938,78.05,63759312.53
2020,81478790.34,57457650.55,7.8375,265.643,41.61,47741666.49
2019,60113437.13,57650358.84,3.5538,264.654,69.37,22115168.82
2015,41425389.31,44474021.07,5.7266,241.185,65.52,21155074.91
2023,59882619.49,58100462.74,3.4322,300.756,84.97,47031865.43
2017,60210744.63,56058828.17,4.4379,254.748,60.82,24296102.81
2020,83702447.96,56953184.96,8.0171,267.057,42.03,51844502.16
2013,50790142.2,48160925.29,7.2294,233.807,99.99,28659656.98
2020,74467345.73,48310237.95,7.8168,269.953,38.58,46945545.45
2020,87970925.46,61840471.9,8.5624,266.517,44.43,52148718.54
2022,63766007,62796467.78,4.3888,288.061,99.83,56180060.7
2021,69649551.11,56679070.56,5.2226,281.746,70.02,63455552.24
2016,37210118.22,41503532.55,5.2072,245.125,42.74,18996817.7
2016,42795425.87,44138916.31,4.6355,245.828,45.92,19648101.79
2018,50827882.69,53842894.33,3.3287,263.04,81.94,21589465.75
2020,82447921.64,53300374.83,7.7968,270.916,45.67,51276147.16
2015,43207046.8,40673377.9,5.2079,249.479,49.26,20343413.06
2012,50548184.89,43080599.93,7.9857,225.395,111.68,24127816.59
2016,45195673.25,46666091.73,4.9808,247.839,50.74,22647320.96
2012,57885231.02,49397307.53,7.7326,231.005,106.77,24846525.56
2015,36783046.55,42064344.79,5.1217,249.497,43.28,21797705.43
2018,44399327.18,51843404.97,3.9516,255.186,69.93,18864692.43
2017,63582579.49,59671707.57,4.1114,250.844,59.54,28215550.1
2012,51964947.12,46925179.43,7.6417,234.548,108.61,22471829.86
2019,53831629.74,54604907.39,3.8608,261.867,59.56,21249205.09
2015,43680456.95,42982235.27,5.4316,244.887,48.38,22739494.38
2021,62791450.62,50482881.81,6.1914,275.619,52.39,52164338.22
2017,63237491.74,58091905.84,4.5008,248.121,62.27,27406443
2023,75227419.85,71944979.07,2.8376,307.992,80.59,59390419.03
2011,46960812.1,46894822.15,8.7282,221.366,119.34,17207839.21
2011,55077445.33,56761316.17,8.4875,227.499,111.78,18654120.06
2016,42384791.38,46831965.13,4.7423,252.844,51.93,23753742.95
2021,58088169.26,48312537.64,4.6502,275.65,69.13,54038756.44
2013,46965477.54,39725950.56,7.7819,238.938,112.62,25031955.7
2023,59731353.96,55243487.54,3.3416,306.225,98.49,46076045.36
2012,55015789.66,47116239.68,7.9169,231.403,124.27,23118599.63
2016,38738458.85,41405144.81,4.6172,247.294,46.64,21236210.85
2018,55036780.01,60618593.01,3.2323,257.076,56.83,23523034.64
2017,57619396.22,51042723.12,4.7947,250.67,59.55,25951080.75
2012,63381755.29,51366280.58,8.1425,234.02,118.52,28535538.78
2022,68245614.14,68114261.1,3.7181,293.356,99.66,55965552.21
2022,64787959.48,67167931.51,4.4893,287.165,109.88,63997157.66
2012,62081417.27,51535701.97,7.8536,235.825,125,28426174.98
2019,54622391.71,52442659.46,3.7571,260.297,66.19,21928817.32
2015,42313117.77,41442268.31,5.2219,241.076,46.22,22987329.67
2020,81694544.9,52168951.26,8.2846,266.285,51.59,50167223.4
2013,51401634.24,49882497.94,7.8151,235.576,108.83,31299952.45
2019,61944750.02,65848564.37,4.3241,262.682,60.65,21953643.13
2016,47142765.94,48873768.63,4.6127,248.334,37.78,21178310.8
2022,62389096.86,61415441.01,3.9398,295.199,115.71,50765529.49
2016,37575481.35,42760584.83,4.9992,254.293,46.53,20325026.4
2018,54476049.93,56923708.24,3.7744,252.825,78.13,22842713.97
2016,38579261.61,43487769.47,4.7212,252.306,43.75,19257525.47
2024,93882306.76,74611404.36,3.8229,325,77.32,75372342.74
2020,80414847.82,54149583.07,7.3998,260.51,35,54440429.63
2012,42520117.39,35879432.75,8.8627,224.389,125,18801361.3
2018,63955593.3,62555389.29,3.9632,253.073,78.93,23892649.74
2016,41846163.78,47905597.45,5.0401,248.233,35,22524718.57
2024,92961441.61,77111801.91,4.5906,324.303,97.53,71336881.81
2012,55039870.62,50405625.53,7.7632,227.26,125,26008997.79
2023,63120569.17,62874446.22,3.7728,311.498,71.41,61540986.96
2022,60852341.68,61278193.61,3.5416,297.825,98.5,58721648.74
2015,47408526.76,51176544.2,4.9637,236.818,50.84,26653438.2
2024,83907829.87,75208345.33,3.985,316.718,107.58,66660082
2023,62051439.42,58881303.73,3.2729,310.453,82.12,43180620.72
2019,69525305.78,69090045.1,3.4142,266.413,66.18,26676167.52
2016,43827504.23,49684276.67,5.2069,243.914,40.47,21597830.68
2012,48273220.52,42941802.58,7.6153,229.954,103.51,22397355.25
2013,46989042.08,45878828.87,6.6149,232.729,93.27,30373147.24
2013,58854849.55,52327443.1,7.5848,237.952,95.38,33529274.27
2013,44963593.71,45787628.86,7.2586,237.367,96.91,28155842.5
2018,56356108.09,55792038.45,4.3416,256.812,85.38,20344519.62
2022,59591881.91,60481116.14,3.0137,291.992,113.63,55459138.7
2018,57291842.81,60664457.83,3.3518,251.405,67.48,24728358.95
2019,59896798.07,61078660.93,3.5801,263.74,57.36,22949967.69
2015,48165614.28,47871880.09,5.4624,239.036,56.17,23229265.83
2019,55904668.24,56334007.58,3.5375,267.777,64.87,23364436.97
2015,46513464.49,46599004.14,5.3711,242.351,57.24,21648875.84
2018,57492655.33,57031002.41,3.9654,255.858,74.23,20486286.37
2018,55161334.01,61192125.67,3.8049,257.162,64.32,21115036.16
2018,49332434.27,51691889.14,4.0506,255.554,80.69,18749947.96
2024,91014666.76,75652347.48,3.8969,325,89.7,66111968.23
2019,54287174.02,54187320.52,4.4196,263.495,57.52,21891097.02
2019,59270569.68,58024524.32,4.1791,264.659,77.03,22556336.7
2016,36445332.42,40215439.29,5.2296,243.975,45.11,20678276.5
2021,64603820.65,55562977.27,6.1741,277.153,69.27,56667622.93
2015,42159343.61,44376609.76,5.2292,241.233,53.1,21280809.51
2022,62563242.47,66240868.19,4.0832,289.732,89.55,56203679.03
2015,51822421.79,50820278.73,5.5758,239.744,50.9,24544937.95
2018,53796622.89,58664207.2,4.0529,258.246,81.3,20195660.9
2020,74040215.57,51473843.49,8.3505,268.408,46.06,43142668.98
2022,66048570.86,70049574.82,3.8174,292.897,101.46,58306829.82
2022,59974177.67,60725686.74,4.0368,293.351,95.52,53106243.84
2021,77896796.32,65104377.5,5.6062,276.069,61.95,66119097.25
2016,46772809.82,50220252.95,5.1463,247.344,44.03,20514901.85
2016,35387338.51,40444129.65,4.2115,242.784,45.93,18859915.85
2024,82381200.98,69923090.26,3.6214,316.53,85.02,60764623.05
2020,90743018.02,60182089.38,8.1981,268.259,45.72,57661223.21
2017,62895387.65,58589623.99,4.607,249.451,56.8,26454226.53
2017,62502973.48,56596604.26,4.1414,251.526,63.57,27544635.88
2019,64440926.56,66248880.99,3.4013,261.791,68.08,20649179.77
2016,41239033.98,46199541.35,4.7806,242.527,52.56,19161234.55
2013,47595281.58,44037464.89,6.9044,229.813,121.49,30012076.94
2024,100629623.4,87063305.03,4.7958,323.013,77.97,78812224.09
2013,34734172.52,34616499.91,7.5271,230.034,103.03,22381618.05
2021,66331361.48,59142116.76,5.8118,278.002,64.28,57595080.25
2022,60576335.17,60295721.92,3.4974,294.229,103.16,47680022.39
2014,41128698.66,44298774.29,6.3516,238.348,98.1,22838630.31
2017,60322040.79,55062200.72,4.4323,252.346,51.07,26729413.54
2023,60206163.46,58843221.72,3.516,304.183,83.53,54851873.41
2024,86157741.75,75628963.23,3.9061,319.731,73.28,68438445.76
2011,57273167.97,55250643.98,9.0712,223.371,102.32,17606623.34
2016,47950005.86,50493670.01,4.6633,254.066,39.96,22268824.07
2013,47563639.43,41235435.61,7.2639,232.517,120.64,25340316.09
2011,60159412.69,58061574.87,9.1982,223.289,120.55,21289480.82
2019,65148134.65,65042317.04,3.9502,264.938,66.27,25787615.05
2012,47214037.6,37564970.57,8.0133,233.619,117.76,21979784.66
2015,49591466.4,49435279.89,5.1796,239.348,57.66,27123576.64
2021,71597429.12,60045740.03,5.7449,279.641,70.98,63455513.11
2012,47938589.53,42905988.89,8.3536,229.556,115.01,23484106.69
2017,60303717.33,51747922.7,4.3638,255.579,67.86,26616440.13
2011,59734304.64,59379001.29,8.9058,222.344,101.44,18586155.97
2024,108334438.7,87569297.99,4.0783,316.047,74.75,83489338.25
2014,42507295.25,47975164.72,6.5783,237.132,95.07,24208694.13
2015,50577637.81,49437594.11,5.4718,244.171,58.23,25925351.51
2021,68834151.57,56290402.19,5.46,272.012,64.12,55676433.42
2013,43350316.86,39565143.92,7.0513,238.582,105.36,25551950.1
2015,42546130.81,41094139.53,5.1069,238.953,51.25,20788234.15
2016,40109995.81,42795461.26,4.7911,244.29,48.95,20265713.32
2020,66442841.92,47884757.05,7.5404,266.291,48.29,40365898.34
2012,49648851.34,39535852.94,7.9888,237.649,110.06,23650599.54
2015,46414429.55,46400782.01,5.4745,243.949,57.71,25727882.58
2013,45510936.12,43391372.41,7.3894,232.257,90.42,26568617.52
2015,50144756.19,50495844.32,5.2364,238.785,46.15,23930092.19
2015,45745367.6,47385913.69,6.3393,241.337,52.66,23334714.35
2014,41848889.26,41848823.04,5.9462,236.722,106.12,22873208.86
2024,92056211.4,77580537.68,4.1575,323.106,77.65,68659855.4
2012,50164076.47,46591464.14,8.1501,229.202,120.46,23808263.49
2024,109345198.6,93733156.15,3.6186,319.096,89.02,79017062.83
2020,83669530.79,58757068.43,8.2333,266.435,47.79,49212111.6
2021,67566698.03,57181068.68,4.0925,279.095,68.37,60100434.3
2017,72444699.4,70008942.99,4.7613,246.987,50.35,31056591.2
2021,73032282.32,62306817.44,4.8972,276.942,72.39,62635367.2
2017,57670187.78,57623374.54,4.4537,248.571,39.54,26365032.79
2013,42968469.33,37764189.48,7.9517,230.956,103.64,26616806.75
2013,48736921.69,43755165.54,6.8626,234.748,114.25,24486661.63
2024,93931227.15,81434847.36,3.7853,323.046,79.11,69119426.82
2011,53796967.38,50316811.17,8.6562,223.847,102.83,17946406.25
2011,54006265.13,56339917.9,8.6111,227.269,99.32,21138513.79
2017,56233575.15,56141066.65,4.0737,252.644,47.18,24076296.54
2011,47377484.1,48870195.61,9.1173,223.109,125,15937725.05
2022,71285156.42,72057686.9,3.7685,294.567,100.26,57694961.27
2012,49691436.23,43136901.34,8.2648,228.493,102.09,22807680.47
2011,52572902.18,49626163.23,8.3745,230.188,97.19,16428182.34
2020,72339451.03,53516867.04,7.7344,263.733,39.37,46158190.49
2018,48474187.91,47768818.12,4.2841,249.988,61.93,18948654.43
2015,43606811.57,48295023.31,5.3656,244.28,53.53,23534973.86
2014,50078960.85,46305677.08,6.7202,243.063,92.65,23389569.86
2023,72447399.7,72947178.05,3.7048,306.656,81.84,60910403.76
2016,43427337.79,42711378.61,4.6167,246.693,44.76,17615819.3
2021,65474396.94,54234215.82,4.7969,275.932,75.98,54958853
2022,71506367.95,71033818.27,3.3069,292.384,111.52,60719919.95
2018,51693677.91,55451799.09,4.0837,254.173,68.91,19959344.29
2020,76838615.65,53897472.98,8.0277,269.413,40.01,48124012.95
2017,62007487.92,56557381.68,4.1859,255.747,48.7,25593999.24
2022,63649378.51,64253749.01,3.4899,293.672,99.4,53006618.11
2023,72633786.06,67722730.26,3.1364,304.18,82.95,56947028.66
2017,61879197.02,53826661.37,4.5104,253.261,59.92,25415151.43
2023,63358197.34,61280073.24,3.3229,305.252,72.69,58267418.21
2013,50332040.41,49869080.36,7.1019,236.176,97.83,32077537.21
2012,44840963.88,38892372.7,7.7244,232.562,119.31,19191252.16
2014,54888905.94,58186517.98,6.7511,237.491,89.87,30777852.87
2020,71105136.91,48017267.4,7.9722,271.238,41.43,43646081.48
2015,56081129.03,51972730.85,5.0585,242.182,50.37,29006458.87
2018,57385674.27,64880213.67,4.3013,250.262,76.05,24187944.53
2020,76515746.43,50005079.29,8.5007,268.852,47.14,43537912.05
2015,39820743.94,41277516.27,5.3317,244.501,52.43,20727734.54
2022,65863879.75,67252032.86,3.4403,292.944,118.12,55021247.11
2018,61995828.57,58927611.32,3.9206,256.196,77.9,23412563.94
2017,55077011.87,52844163.21,4.0622,248.147,53.5,23440092.35
2012,53793684.9,47408985.61,7.8603,237.944,87.48,25446091.3
2019,52955442.77,55846421.2,3.9515,255.951,60.82,22782067.42
2016,48472910.44,52426977.47,5.2304,244.682,45,24834620
2014,41953180.35,43273038.93,6.2713,236.025,100.52,20027768.09
2021,60403668.49,46611021.14,5.4346,279.486,71.12,49535153.68
2022,71603784.78,67263557.85,3.5386,293.508,103.51,58887305.34
2011,45952327.92,44779933.97,9.0344,225.872,117.51,14325189
2024,87977787.56,78076883.33,3.7372,317.578,73.82,68038721.15
2024,88470829.72,76390100.25,4.4763,322.765,88.64,71914984.6
2019,55790432.21,58099950.33,4.1552,262.29,69.08,22452895.38
2018,57236912.41,60574979.5,4.3816,262.33,71.72,24248390.84
2020,74936204.37,49103630.48,8.4283,264.95,41.18,45390845.38
2012,55089993.18,51127594.82,8.0087,232.958,116.91,28658553.16
2015,42664401.19,40527009.7,5.6394,246.839,53.74,22405217.1
2021,65400463.94,54212779.75,5.6642,279.851,56.24,54293388.78
2016,35813584,39547487.17,5.0301,249.425,35,19453760.55
2020,78209039.2,56342401.62,8.1403,267.277,35,47449120.21
2024,97308563.91,82641595.56,3.5858,319.512,79.01,68277971.42
2013,48603224.58,45114798.91,7.5479,234.242,95,30839128.25
2024,89871499.2,74711903.91,3.9533,323.4,87.49,72893013.45
2020,76580130.75,50081209.24,7.8383,271.701,35,44156263.39
2023,52897815.95,51824551.67,3.3973,303.488,74.8,45077561.92
2016,47386929.45,49663247.45,4.718,248.265,47.56,22578788.01
2014,47779651.55,51810279.99,5.7122,240.684,99.72,28009244.27
2014,36203074.71,41240537.53,5.8534,243.26,96.33,21478227.46
2024,80859589.31,71049694.68,3.6293,314.296,71.09,62428353.95
2011,55093846.41,53459448.95,9.3876,226.87,105.71,17635454.98
2017,59587797.33,54504234.41,4.4026,253.846,60.88,25241648.59
2012,49150645.6,39656937.43,7.8758,232.242,107.15,23379537.92
2022,71319900.58,73978452.14,3.5205,293.319,86.7,64266992.74
2022,65430123.9,70549934.19,3.3241,292.22,87.77,59172489.12
2020,70646873.1,48561890.88,8.3319,270.741,43.78,43070994.91
2012,54434797.91,46950448.52,7.6289,235.13,118.21,26812705.86
2012,44216447.12,42499057.89,8.3652,227.578,101.08,21582572.32
2012,47552340.85,38680007.79,7.864,228.787,85.22,18174574.47
2019,62102361.02,63863130.23,3.0104,263.656,56.62,26287817.43
2012,59790913.42,52855838.45,8.1856,231.192,125,27665285.96
2017,57958268.39,54587055.93,4.7155,253.113,57.38,26034636.45
2023,66511938.77,66948898.38,3.3339,312.026,86.91,54467252.95
2016,41568884.19,41637090.69,4.4256,251.162,45.2,18718241.05
2019,73363919.5,70942643.71,3.7115,260.526,71.2,24823650.29
2019,65055765.63,68604418.9,3.5521,264.443,62.87,22549748.66
2019,69661454.51,69851024.42,3.2934,264.091,43.43,29628176.46
2014,42413428.48,48356467.23,5.8841,235.984,95.57,23246525.38
2022,64545523.87,66416758.44,3.5278,301.391,95.81,59438826.05
2017,52454818.57,49849148.76,3.9791,254.782,49.42,23398942.72
2016,45796242.48,43153515.83,4.9319,246.513,41.9,22455950.99
2024,107547477.4,90207574.43,4.0867,322.346,87.1,76148076.95
2014,45554067.54,47858737.11,6.228,234.451,103.24,24404667.86
2021,70879421.07,56898235.65,5.8086,281.523,65.61,53650644.43
2024,94752418.92,83373015.3,3.9767,313.643,64.47,75521790.22
2019,74136770.05,73441733.8,4.0669,264.534,60.51,26388926.61
2013,48820188.8,43189660.16,7.5617,235.742,98.71,29339643.21
2018,58953188.64,59975807.45,4.2287,255.07,53.13,20276257.06
2023,69665702.56,65065149.18,3.2463,306.66,90.68,53491407.02
2021,66941792.34,52618550.81,6.0195,278.337,80.65,57026265.31
2021,63109015.95,49723579.08,5.0146,278.793,72.69,53375397
2013,51999293.41,45053192.84,7.2616,236.968,103.13,30980334.9
2011,55471894.89,59768216.5,8.8337,221.357,102.25,18147694.19
2017,49343833.68,49404715.09,4.1614,248.31,38.3,19946866.88
2016,47448845.01,49083977.19,4.4737,252.615,48.13,24321742.61
2020,74087960.96,50558770.17,8.0199,269.038,43.23,49343372.59
2017,51978033.77,49159579.08,4.2383,250.6,51.46,23432178.32
2012,55705951.29,46376217.54,8.4633,229.356,125,25658864.75
2017,44996807.66,42054944.8,4.8047,249.033,60.53,19462666.36
2018,60220853.67,63204473.83,4.2167,259.255,70.05,20025949.79
2019,66313655.15,67209631.85,3.6446,260.69,72.99,23121256.95
2011,58599512.77,60702195.66,8.5099,225.329,95.92,19686260.43
2017,61316759.4,57292045.17,4.8136,258.388,55.31,24677910.44
2019,58646920.28,58105607.96,3.5227,262.336,74.48,21840353.56
2015,48168748.99,46690477.01,5.0847,243.727,42.09,22941551.4
2014,47393322.83,48176116,6.2461,238.902,120.76,23396596.75
2022,63076228.62,60939716.19,3.4683,294.181,112.02,48244064.32
2024,98182283.28,83095099.3,4.3199,317.581,75.29,75802529.9
2015,44013765.19,47318644.61,5.1438,249.844,47.71,20231753.57
2021,58161806.98,49255268.29,5.5455,275.246,62.16,55117988.07
2013,42151578.62,43355601.62,7.8161,233.169,110.65,24651305.64
2011,56146410.67,54517856.6,9.2249,226.059,116.33,17357678.09
2015,46069087.99,44873776.83,5.2735,238.302,54.66,21373288.99
2011,51195220.68,51484884.39,8.6243,224.863,108.4,17609394.1
2012,53610952.39,47465511.26,8.4261,228.273,123.64,26234963.75
2016,45215008.45,47464512.59,4.8273,243.053,49.84,21356754.51
2011,51900186.68,54285192.15,9.025,226.375,115.45,17184783.59
2012,46860072.41,41123673.01,8.613,228.631,101.32,21787328.14
2017,63778447.22,58779168.64,4.3264,252.83,48.89,25424866.36
2023,71249987.81,70450566.1,3.2234,308.729,86.34,53832540.54
2024,98757046.33,80707796.1,3.9647,317.099,75.96,69881556.35
2011,49665736.64,47012529.47,8.3742,227.919,115.65,14842394.14
2015,51046584.47,52638691.69,5.0999,240.977,51.58,26354708.84
2015,49309862.55,48177630.5,5.0978,241.774,50.04,23880188.61
2021,60397980.51,50218860.61,5.5572,275.345,70.36,56265807.61
2021,67222071.05,58894445.95,5.7194,278.03,67.22,60173858.23
2023,65864103.23,64277068.54,2.7931,313.811,74.48,52260393.52
2012,43725261.86,39728060.41,8.3943,230.344,89.93,20534306.51
2024,109807435.5,94881624.67,4.2627,318.489,97.4,88647996.12
2012,49674462.11,42249542.54,8.093,226.584,119.34,21195409.71
2023,65513458.64,61803696.91,4.2027,312.049,92.29,52155755.25
2024,93859315.1,86379618.3,4.1007,321.92,88.28,70774411.95
2014,43729204.5,50014959.67,6.2482,240.389,104.71,25925637.14
2021,75019875.21,59152735.99,5.2507,284.202,76.44,60391290.75
2017,54020905.69,56705603.98,4.3767,251.757,59.56,24740868.08
2023,77913689.12,71747484.21,3.5885,312.46,98.9,64642195.69
2023,74666691.69,70338624.25,3.5023,306.125,87.58,56551350.92
2011,52208485.82,53444823.66,8.9235,221.714,92.44,16461152.57
2018,52913855.76,57518271.91,3.7907,268.541,74.11,22682297.14
2022,70808457.6,73161325.12,2.8428,294.406,106.54,56430680.74
2018,59901892.49,62558531.23,3.9546,256.319,59.76,23315182.96
2020,74217985.43,52306760.42,7.5065,273.069,51.06,42984969.28
2015,47358476.44,46230945.8,5.3049,245.226,45.39,22401909.39
2012,56286435.41,47741965.63,8.3388,226.409,125,24538351.33
2015,40935676.58,42216958.59,5.5684,238.573,49.17,24683254.75
2019,57043874.96,53917573.56,3.9454,263.87,61.88,21452653.53
2017,66411103.11,56281944.97,4.2532,249.329,64.3,23769768.75
2014,40134918.29,44896044.26,6.4585,240.161,80.06,21537819.56
2018,63139702.7,65541593.2,4.2434,258.391,62.18,24250685.35
2019,59659451.78,60784624.75,4.078,264.002,61.04,19681983.96
2013,40267428.05,38448779.69,7.1519,236.327,88.72,23386698.55
2017,64684320.88,55600863.72,4.8458,255.591,64.45,26863705.9
2022,50948508.95,55032917.44,4.3474,296.362,102.79,46129422.99
2018,57388995.64,58784246.6,3.7945,254.066,74.25,20439919.48
2022,66713961.67,73793876.73,3.7068,293.932,98.59,56628423.72
2017,65179959.64,60231389.67,4.4643,254.428,55.17,30908904.67
2012,48983428.96,46991205.36,7.9861,228.28,120.46,22478158.35
2024,82338299.53,71967367.71,3.6646,314.612,95.93,73064921.55
2024,76078069.09,67833468.33,3.7567,311.634,66.14,60209768.31
2020,73552847.75,49625090.05,8.3157,267.24,42.46,44916958.06
2014,41892241.97,45703763.47,6.4953,236.939,100.43,22783604.29
2011,45164754.68,49331742.38,8.5948,225.363,89.35,15366838.14
2021,79113682.52,66119419.64,4.8128,277.787,71.9,66866766.11
2012,53092393.09,47447767.02,8.1839,227.913,111.38,22251969.05
2017,62440134.18,53155007.31,4.7127,254.076,66.21,25063025.67
2022,61906183.64,62037736.31,3.5734,293.978,87.66,62309298.59
2019,64226654.97,64260902.77,3.5449,262.256,77.07,26117584.9
2023,70209300.45,70898070.71,3.1528,302.819,89.35,60861682.19
2020,82299324.57,51205460.33,7.4482,274.004,42.07,51453836.44
2014,45211778.49,53233624.64,6.14,240.234,89.15,29012351.39
2022,64462951.72,66103106.23,3.5622,296.549,101.29,57455952.64
2024,83190619.46,70784690.52,3.9344,316.393,71.65,64097447.79
2011,55496581.18,54948729.46,8.8713,225.457,112.66,17522103.95
2012,57110542.58,48333793.82,8.0073,234.012,118.55,22182490.26
2019,67379617.62,68487941.67,3.1835,263.546,60.96,27349909.36
2013,40077232.2,43574719.62,7.4855,230.488,96.29,26456146.82
2011,58898840.47,56368675.28,9.3799,220,108.66,18761388.09
2021,56551869.61,46048286.92,5.3172,281.456,61.26,48918876.99
2024,92674058.43,82271928.26,3.7205,322.366,57.49,65730627.56
2021,57764858.01,48813367.91,5.8772,272.297,70.37,45761901.87
2016,49046076.95,51942319.65,5.3336,251.97,44.21,26582592.2
2022,54462860.07,57270601.8,3.9709,293.975,70.84,48003767.75
2017,57832811.99,52749096.37,4.2075,253.744,56.15,22557917.15
2013,37141439.81,34114849.99,7.4428,234.243,94.45,22181162.82
2020,79224111.42,51758518.07,8.3036,264.309,39.39,45116422.6
2022,70149034.27,70006987.82,3.7787,298.11,115.04,56280458.59
2011,53406796.98,54074677.72,8.3622,220,125,17540869.89
2023,85484356.11,79892554.86,3.8189,306.892,73.34,72202700.81
2015,46741390.06,43556227.35,5.0179,244.707,55.86,20900297
2012,50649778.64,45689217.07,8.0207,234.079,106.05,24738321.01
2023,72387066.71,67601581.19,3.3193,313.924,90.84,50423428.75
2013,39861430.88,36157196.53,7.5449,237.028,124.06,25148013.25
2022,66168730.42,63906864.23,3.4154,291.466,104.23,57083093.21
2024,89295892.75,80706917.44,3.6635,316.534,87.84,66885535.32
2014,36336402.17,40993641.67,5.9656,235.329,100.82,22016336.78
2016,38527884.41,47502145.4,4.7005,245.829,38.82,21949697.26
2017,54439659.32,52951979.08,4.1308,247.289,56.5,22007690.47
2014,50943879.07,51966963.26,6.4522,239.063,110.49,29469484.42
2014,44382397.77,45736581.15,6.0817,240.5,89.16,23490259.13
2014,37817565.33,40727882.69,6.1044,237.702,95.81,23053722.3
2014,49431148.99,55538897.61,5.894,234.447,95.91,26144621.35
2022,64527432.49,66938374.69,4.0091,294.879,108.83,63320971.82
2022,65824697.32,65930682.71,3.61,293.116,98.69,58467761.83
2018,61205975.93,66184980.64,3.9164,251.368,71.75,23998659.47
2016,43223188.85,45617847.36,4.9786,248.605,52.17,21248432.1
2021,69591858.84,60600963.37,5.4149,277.502,61.08,57946924.81
2013,47257038.07,47602859.43,7.4806,232.52,106.63,26698592.14
2011,51551978.04,53662746.32,9.0461,220,87.09,19368658.05
2021,66869113.25,56086493.74,5.5087,278.293,67.69,61137126.72
2017,52930936.54,55609762.27,4.1788,256.162,57.45,24575713.37
2013,48002969.94,48386875.16,6.96,238.339,78.32,30447472.17
2015,47739967.06,46984655.22,4.7843,242.844,53.69,25241751.39
2014,49069246.05,48893304.04,6.1245,238.962,121.97,25836996.63
2012,54130797.38,50569384.36,8.2652,228.965,120.11,25300051.47
2016,37116733.7,42870719.75,5.6373,249.307,46.57,18680222.66
2016,43741803.79,48668726.52,4.8794,249.611,47.82,24147025.82
2017,48235106.65,47750929.4,4.6782,249.486,57.13,22551252.52
2012,49791029.93,44477193.34,8.0002,233.731,116.55,24562428.11
2014,49598505.87,50087833.05,5.6683,238.539,104.68,28015319.59
2018,57903116.87,55628521.13,3.9113,250.473,52.63,21604619.26
2016,41152839.68,39752972.56,5.1194,249.874,44.85,18256927.24
2014,48276609.6,51665923.83,6.3199,235.865,91.66,24357819.31
2015,47436245.93,46965500.99,4.9924,239.376,55.58,26065332.32
2018,57896186.21,59073004.94,4.5436,254.274,54.13,21216697.76
2017,57481992.49,53942280.96,4.3907,250.71,56.28,26877219.22
2014,49859892.34,54316795.2,6.3838,233.91,98.33,28211327.87
2019,57789975.08,61547582.83,3.708,266.944,71.09,21201066.64
2020,79437561.33,53774100.11,8.0183,265.272,44.74,49737809.07
2018,66857845.67,65111157.49,3.787,255.929,71.35,26616681.68
2015,49157193.95,51690841.85,5.5754,243.044,55.08,27019158.26
2019,56214436.73,57419780.55,3.8833,258.912,68.93,21583859.47
2011,54612146.22,57102419.63,8.7829,224.542,100.69,19568488.69
2013,48365557.04,43559537.25,8.0525,236.979,110.11,28415353.36
2023,70094302.69,69048828.93,3.9704,313.433,80.02,58298469.23
2024,90339123.05,77520904.23,4.2876,319.459,84.87,63516349.43
2020,69846646.62,48886601.91,8.4556,262.461,44.15,41967485.99
2017,60327393.64,57468800.21,3.8909,256.934,57.51,26993093.42
2020,70995496.81,50055919.52,8.642,268.12,39.06,44396357.97
2012,54173534.33,47692985.48,7.8347,234.074,102.6,26830503.8
2020,79622480.86,53429014.29,8.6002,267.052,41.16,50923431.72
2012,53710690.93,47788448.15,8.5491,228.65,110.96,26506686.52
2024,94527870.42,84067430.98,3.8443,315.727,75.5,75938828.09
2020,78212779.02,51274553.87,7.9806,267.624,40.05,41636906.12
2022,53155951.88,59402196.93,4.0952,293.694,102.42,50403593.55
2018,54348374.91,54363577.66,3.9062,258.648,77.9,21349366.58
2020,74181684.13,48587720.35,8.2852,266.614,44.41,46487523.74
2013,47002544.83,42436570.6,7.5621,235.959,109.52,25258288.64
2024,103164050.3,86773079.95,4.2225,320.851,89.25,70549873.21
2013,46222324.81,44856714.9,7.3286,231.827,105.89,25458267.82
2015,39868731.77,42053083.79,5.2665,238.137,49.51,20022123.47
2021,80585139.38,60890688.73,5.5752,273.698,60.72,61153037.72
2022,75781267.66,79644420.05,3.7233,293.358,107.77,61296099.82
2015,46439805.18,44231670.85,5.2697,245.885,54.34,22796070.81
2024,98169091.63,85712816.95,4.2135,320.543,86.4,77909262.67
2021,59723093.05,47178098.79,6.0955,276.13,74.55,47365975.21
2024,86506592.53,76363663.48,4.5188,322.144,66.86,71064130.74
2016,40852193.07,41601411.89,4.9736,248.495,50.66,17311238.84
2024,93484554.69,80282001.58,3.9257,318.426,94.77,76764037.52
2022,54609737.99,57073709.16,3.9379,296.873,87.13,52547326.56
2015,46067785.84,46962880.91,5.9561,240.943,53.39,22468612.26
2021,53883311.11,47647689.56,5.3705,277.266,74.64,47379031.32
2023,78887060.14,80361220.87,3.1947,313.958,93.26,67699482.07
2013,45912759.82,44323820.79,7.7853,235.022,109.87,26559514.27
2022,65882418.48,65627157.05,3.5762,287.779,110.29,57085748.29
2017,54253963.59,51254010.69,4.9611,248.908,60.41,23738051.39
2011,57706227.38,58407436.43,8.5262,224.934,119.1,19705949.17
2016,41233188.69,44873121.31,4.4251,249.424,43.21,22053996.56
2017,56146459.57,54390087.63,4.1455,257.196,56.84,22857885.84
2014,48426180.72,50275955.5,6.263,240.31,110.95,23928665.18
2016,49151680.5,58611555.71,5.1716,251.407,43.92,27318310.02
2015,40151208.88,44165890.5,5.1333,245.974,65.14,22949863.28
2020,68785394.12,49519070.13,8.5508,260.982,36.36,39590804.83
2021,61052056.94,45599614.77,4.9342,281.757,72.41,52444706.44
2017,53982437.39,48878433.77,4.2556,250.568,54.4,20463732.51
2015,39908421.09,36731008.95,4.9051,238.359,60.13,20640286.44
2011,51625587.41,52543482.24,7.6112,222.158,93.89,16560747.04
2022,61577557.83,63250110.28,3.7624,292.251,100.77,49093464.99
2021,67860756.8,56982099.97,5.9657,278.671,72.84,56886991.68
2021,72105399.82,62147829.55,5.0165,275.086,71.09,66107938.36
2015,41286130.29,46418446.95,5.1358,235.725,46.19,23415310.01
2017,54035395.97,53672477.71,4.7156,251.953,62.59,24919854.72
2020,71020637.38,50316269.32,8.5971,268.91,35,44088729.8
2024,104265974.9,88968215.36,4.2184,318.282,71.4,74440209.45
2024,102187411,86328807.93,4.5622,316.559,75.8,80282550.34
2019,69391098.37,68636451.05,3.6848,262.083,65.28,29100182.78
2023,70413575.99,72452500.8,4.3913,304.848,79.43,67190659.07
2022,62380288.56,63729599.09,4.1576,294.217,81.92,53772048.29
2018,57492499.53,58194274.48,3.9531,258.576,76.91,22659251.25
2018,53341186.88,53927098.37,3.2905,260.416,80.39,21753693.09
2011,52276851.98,51165753.78,8.1138,228.078,124.63,15141167.6
2019,54985797.86,52922057.67,3.9875,260.154,60.22,22717532.1
2019,59846629.55,58457525.74,3.3193,260.19,57.98,21285064.95
2017,56995481.4,56057514.56,5.0934,249.774,45,24125644.21
2023,74355023.16,71389774.73,3.8576,307.032,89.76,57760030.38
2021,71102123.2,58740009.87,5.5102,276.631,72.36,67019665.55
2018,52003193.93,52031771.18,4.1109,262.501,70.59,20034583
2020,91190102.3,56398751.79,8.161,263.227,39.34,52279423.43
2020,68740883.6,48936050.4,8.3712,270.063,44.48,41244756.27
2019,55207167.57,54609686.83,3.7302,268.607,64.44,21975007.85
2016,44869496.35,44582791.17,4.9233,248.21,37.95,19507855.48
2024,75543819.54,63925595.09,3.5763,315,81.84,61989238.98
2021,57039178.7,49855121.38,5.512,275.364,67.58,52160219.48
2011,45232812.3,47068203.94,8.2922,224.186,114.81,13136795.33
